year,lgID,tmID,franchID,confID,divID,rank,playoff,seeded,firstRound,semis,finals,name,o_fgm,o_fga,o_ftm,o_fta,o_3pm,o_3pa,o_oreb,o_dreb,o_reb,o_asts,o_pf,o_stl,o_to,o_blk,o_pts,d_fgm,d_fga,d_ftm,d_fta,d_3pm,d_3pa,d_oreb,d_dreb,d_reb,d_asts,d_pf,d_stl,d_to,d_blk,d_pts,tmORB,tmDRB,tmTRB,opptmORB,opptmDRB,opptmTRB,won,lost,GP,homeW,homeL,awayW,awayL,confW,confL,min,attend,arena,W,L,awards,diff_fgm,diff_fga,diff_ftm,diff_fta,diff_3pm,diff_3pa,diff_oreb,diff_dreb,diff_reb,diff_asts,diff_pf,diff_stl,diff_to,diff_blk,diff_pts,diff_tmORB,diff_tmDRB,diff_tmTRB,diff_won,diff_homeW,diff_awayW,diff_confW,diff_W,mean_diff_fgm,mean_diff_fga,mean_diff_ftm,mean_diff_fta,mean_diff_3pm,mean_diff_3pa,mean_diff_oreb,mean_diff_dreb,mean_diff_reb,mean_diff_asts,mean_diff_pf,mean_diff_stl,mean_diff_to,mean_diff_blk,mean_diff_pts,mean_diff_tmORB,mean_diff_tmDRB,mean_diff_tmTRB,mean_diff_won,mean_diff_homeW,mean_diff_awayW,mean_diff_confW,mean_diff_W,next_year_playoff
9,WNBA,ATL,ATL,EA,,7,0,0,,,,Atlanta Dream,895,2258,542,725,202,598,340,737,1077,492,796,285,593,142,2534,1014,2254,679,918,172,502,401,864,1265,684,726,310,561,134,2879,0,0,0,0,0,0,4,30,34,1,16,3,14,2,18,6825,141379,Philips Arena,0.0,0.0,0,-119,4,-137,-193,30,96,-61,-127,-188,-192,70,-25,32,8,-345,0,0,0,-26,-15,-11,-16,0.0,-119.0,4.0,-137.0,-193.0,30.0,96.0,-61.0,-127.0,-188.0,-192.0,70.0,-25.0,32.0,8.0,-345.0,0.0,0.0,0.0,-26.0,-15.0,-11.0,-16.0,0.0,1.0
10,WNBA,ATL,ATL,EA,,2,1,0,L,,,Atlanta Dream,1089,2428,569,755,114,374,404,855,1259,547,741,329,590,121,2861,996,2363,624,807,181,530,353,821,1174,615,700,347,601,133,2797,0,0,0,0,0,0,18,16,34,12,5,6,11,10,12,6950,120737,Philips Arena,0.0,2.0,2,93,65,-55,-52,-67,-156,51,34,85,-68,41,-18,-11,-12,64,0,0,0,2,7,-5,-2,-2.0,22.333333333333332,44.666666666666664,-82.33333333333333,-99.0,-34.666666666666664,-72.0,13.666666666666666,-19.666666666666668,-6.0,-109.33333333333333,50.666666666666664,-20.333333333333332,3.3333333333333335,-5.333333333333333,-72.33333333333333,0.0,0.0,0.0,-7.333333333333333,-0.3333333333333333,-7.0,-6.666666666666667,-1.3333333333333333,
1,WNBA,CHA,CHA,EA,,8,0,0,,,,Charlotte Sting,812,1903,431,577,131,386,305,630,935,551,713,222,496,90,2186,879,1930,533,716,138,423,326,664,990,596,596,259,426,123,2429,0,0,0,0,0,0,8,24,32,5,11,3,13,5,16,6475,90963,Charlotte Coliseum,0.0,0.0,0,-67,-27,-102,-139,-7,-37,-21,-34,-55,-45,117,-37,70,-33,-243,0,0,0,-16,-6,-10,-11,0.0,-67.0,-27.0,-102.0,-139.0,-7.0,-37.0,-21.0,-34.0,-55.0,-45.0,117.0,-37.0,70.0,-33.0,-243.0,0.0,0.0,0.0,-16.0,-6.0,-10.0,-11.0,0.0,1.0
2,WNBA,CHA,CHA,EA,,4,1,0,W,W,L,Charlotte Sting,746,1780,410,528,153,428,309,639,948,467,605,217,474,114,2055,732,1846,431,562,114,369,344,567,911,443,579,257,447,124,2009,0,0,0,0,0,0,18,14,32,11,5,7,9,15,6,6500,105525,Charlotte Coliseum,4.0,4.0,0,14,-66,-21,-34,39,59,-35,72,37,24,26,-40,27,-10,46,0,0,0,4,6,-2,9,0.0,-13.0,-53.0,-48.0,-69.0,23.666666666666668,27.0,-30.333333333333332,36.666666666666664,6.333333333333333,1.0,56.333333333333336,-39.0,41.333333333333336,-17.666666666666668,-50.333333333333336,0.0,0.0,0.0,-2.6666666666666665,2.0,-4.666666666666667,2.3333333333333335,0.0,1.0
3,WNBA,CHA,CHA,EA,,2,1,0,L,,,Charlotte Sting,770,1790,490,663,211,527,302,653,955,496,647,241,408,105,2241,778,1807,444,598,133,372,295,620,915,489,600,208,424,103,2133,0,0,0,0,0,0,18,14,32,11,5,7,9,12,9,6450,106670,Charlotte Coliseum,0.0,2.0,0,-8,-17,46,65,78,155,7,33,40,7,47,33,-16,2,108,0,0,0,4,6,-2,3,-2.0,-0.6666666666666666,-33.333333333333336,23.666666666666668,32.0,65.0,123.0,-7.0,46.0,39.0,12.666666666666666,40.0,8.666666666666666,-1.6666666666666667,-2.0,87.33333333333333,0.0,0.0,0.0,4.0,6.0,-2.0,5.0,-1.3333333333333333,1.0
4,WNBA,CHA,CHA,EA,,2,1,0,L,,,Charlotte Sting,787,1881,456,590,187,517,342,629,971,499,697,279,497,115,2217,790,1902,477,667,138,407,386,621,1007,491,606,264,469,104,2195,0,0,0,0,0,0,18,16,34,13,4,5,12,12,12,6850,120061,Charlotte Coliseum,0.0,2.0,0,-3,-21,-21,-77,49,110,-44,8,-36,8,91,15,28,11,22,0,0,0,2,9,-7,0,-2.0,-4.666666666666667,-19.666666666666668,1.3333333333333333,-29.666666666666668,58.666666666666664,125.0,-27.0,16.333333333333332,-10.666666666666666,7.666666666666667,76.33333333333333,21.0,13.333333333333334,8.0,50.666666666666664,0.0,0.0,0.0,2.6666666666666665,8.0,-5.333333333333333,1.0,-2.0,0.0
5,WNBA,CHA,CHA,EA,,5,0,0,,,,Charlotte Sting,745,1744,436,590,166,459,256,616,872,426,648,210,479,134,2092,800,1932,438,587,130,349,368,628,996,516,595,243,437,114,2168,0,0,0,0,0,0,16,18,34,10,7,6,11,8,12,6900,116383,Charlotte Coliseum,0.0,0.0,0,-55,-188,-2,3,36,110,-112,-12,-124,-90,53,-33,42,20,-76,0,0,0,-2,3,-5,-4,0.0,-37.666666666666664,-132.33333333333334,-8.333333333333334,-23.666666666666668,40.333333333333336,110.0,-89.33333333333333,-5.333333333333333,-94.66666666666667,-57.333333333333336,65.66666666666667,-17.0,37.333333333333336,17.0,-43.333333333333336,0.0,0.0,0.0,-0.6666666666666666,5.0,-5.666666666666667,-2.6666666666666665,-0.6666666666666666,0.0
6,WNBA,CHA,CHA,EA,,6,0,0,,,,Charlotte Sting,772,1913,447,624,104,301,316,609,925,493,727,284,535,113,2095,851,1888,509,713,124,339,355,700,1055,496,654,269,534,146,2335,0,0,0,0,0,0,6,28,34,5,12,1,16,4,16,6945,98054,Charlotte Coliseum,0.0,0.0,0,-79,25,-62,-89,-20,-38,-39,-91,-130,-3,73,15,1,-33,-240,0,0,0,-22,-7,-15,-12,0.0,-71.0,-46.0,-42.0,-58.333333333333336,-1.3333333333333333,11.333333333333334,-63.333333333333336,-64.66666666666667,-128.0,-32.0,66.33333333333333,-1.0,14.666666666666666,-15.333333333333334,-185.33333333333334,0.0,0.0,0.0,-15.333333333333334,-3.6666666666666665,-11.666666666666666,-9.333333333333334,0.0,0.0
7,WNBA,CHA,CHA,EA,,6,0,0,,,,Charlotte Sting,864,2178,552,777,176,544,347,747,1094,527,734,315,574,155,2456,911,2149,594,791,155,465,370,870,1240,522,707,286,619,125,2571,0,0,0,0,0,0,11,23,34,7,10,4,13,6,14,6825,106942,Time Warner Cable Arena,0.0,0.0,0,-47,29,-42,-14,21,79,-23,-123,-146,5,27,29,-45,30,-115,0,0,0,-12,-3,-9,-8,0.0,-57.666666666666664,27.666666666666668,-48.666666666666664,-39.0,7.333333333333333,40.0,-28.333333333333332,-112.33333333333333,-140.66666666666666,2.3333333333333335,42.333333333333336,24.333333333333332,-29.666666666666668,9.0,-156.66666666666666,0.0,0.0,0.0,-15.333333333333334,-4.333333333333333,-11.0,-9.333333333333334,0.0,
7,WNBA,CHI,CHI,EA,,7,0,0,,,,Chicago Sky,858,2175,449,643,157,536,357,680,1037,509,674,277,527,125,2322,971,2147,545,736,200,536,379,860,1239,623,584,262,535,120,2687,0,0,0,0,0,0,5,29,34,3,14,2,15,4,16,6800,57635,UIC Pavilion,0.0,0.0,0,-113,28,-96,-93,-43,0,-22,-180,-202,-114,90,15,-8,5,-365,0,0,0,-24,-11,-13,-12,0.0,-113.0,28.0,-96.0,-93.0,-43.0,0.0,-22.0,-180.0,-202.0,-114.0,90.0,15.0,-8.0,5.0,-365.0,0.0,0.0,0.0,-24.0,-11.0,-13.0,-12.0,0.0,0.0
8,WNBA,CHI,CHI,EA,,6,0,0,,,,Chicago Sky,925,2277,489,723,186,544,383,782,1165,597,634,262,510,112,2525,963,2243,501,642,184,481,379,846,1225,584,683,242,566,138,2611,0,0,0,0,0,0,14,20,34,6,11,8,9,6,14,6972,66557,UIC Pavilion,0.0,0.0,1,-38,34,-12,81,2,63,4,-64,-60,13,-49,20,-56,-26,-86,0,0,0,-6,-5,-1,-8,0.0,-63.0,32.0,-40.0,23.0,-13.0,42.0,-4.666666666666667,-102.66666666666667,-107.33333333333333,-29.333333333333332,-2.6666666666666665,18.333333333333332,-40.0,-15.666666666666666,-179.0,0.0,0.0,0.0,-12.0,-7.0,-5.0,-9.333333333333334,0.0,0.0
9,WNBA,CHI,CHI,EA,,5,0,0,,,,Chicago Sky,899,2100,564,812,110,341,357,770,1127,548,639,269,525,149,2472,917,2203,506,655,170,508,366,794,1160,531,681,255,522,124,2510,0,0,0,0,0,0,12,22,34,8,9,4,13,10,10,6875,62146,UIC Pavilion,0.0,0.0,0,-18,-103,58,157,-60,-167,-9,-24,-33,17,-42,14,3,25,-38,0,0,0,-10,-1,-9,0,0.0,-24.666666666666668,-57.333333333333336,34.666666666666664,131.66666666666666,-39.333333333333336,-90.33333333333333,-4.666666666666667,-37.333333333333336,-42.0,15.666666666666666,-44.333333333333336,16.0,-16.666666666666668,8.0,-54.0,0.0,0.0,0.0,-8.666666666666666,-2.3333333333333335,-6.333333333333333,-2.6666666666666665,0.0,0.0
10,WNBA,CHI,CHI,EA,,5,0,0,,,,Chicago Sky,930,2136,527,693,186,471,307,776,1083,532,605,249,532,138,2573,1004,2269,479,613,206,593,359,797,1156,610,636,273,489,121,2693,0,0,0,0,0,0,16,18,34,12,5,4,13,10,12,6825,66852,UIC Pavilion,0.0,0.0,0,-74,-133,48,80,-20,-122,-52,-21,-73,-78,-31,-24,43,17,-120,0,0,0,-2,7,-9,-2,0.0,-55.333333333333336,-123.0,51.333333333333336,105.66666666666667,-33.333333333333336,-137.0,-37.666666666666664,-22.0,-59.666666666666664,-46.333333333333336,-34.666666666666664,-11.333333333333334,29.666666666666668,19.666666666666668,-92.66666666666667,0.0,0.0,0.0,-4.666666666666667,4.333333333333333,-9.0,-1.3333333333333333,0.0,
1,WNBA,CLE,CLE,EA,,2,1,0,W,L,,Cleveland Rockers,809,1828,426,570,141,407,331,603,934,539,647,259,538,91,2185,774,1761,455,583,119,368,277,596,873,540,693,305,552,95,2122,0,0,0,0,0,0,17,15,32,13,3,4,12,13,8,6500,137532,Quicken Loans Arena,3.0,3.0,1,35,67,-29,-13,22,39,54,7,61,-1,-46,-46,-14,-4,63,0,0,0,2,10,-8,5,0.0,35.0,67.0,-29.0,-13.0,22.0,39.0,54.0,7.0,61.0,-1.0,-46.0,-46.0,-14.0,-4.0,63.0,0.0,0.0,0.0,2.0,10.0,-8.0,5.0,0.0,1.0
2,WNBA,CLE,CLE,EA,,1,1,0,L,,,Cleveland Rockers,763,1770,372,505,106,335,297,662,959,503,532,267,444,83,2004,664,1745,328,444,132,417,297,594,891,434,597,225,496,127,1788,0,0,0,0,0,0,22,10,32,14,2,8,8,15,6,6425,147373,Quicken Loans Arena,1.0,2.0,1,99,25,44,61,-26,-82,0,68,68,69,-65,42,-52,-44,216,0,0,0,12,12,0,9,-1.0,77.66666666666667,39.0,19.666666666666668,36.333333333333336,-10.0,-41.666666666666664,18.0,47.666666666666664,65.66666666666667,45.666666666666664,-58.666666666666664,12.666666666666666,-39.333333333333336,-30.666666666666668,165.0,0.0,0.0,0.0,8.666666666666666,11.333333333333334,-2.6666666666666665,7.666666666666667,-0.6666666666666666,0.0
3,WNBA,CLE,CLE,EA,,7,0,0,,,,Cleveland Rockers,760,1820,430,553,121,374,295,674,969,480,567,221,451,83,2071,797,1834,397,521,149,441,278,640,918,530,613,242,428,109,2140,0,0,0,0,0,0,10,22,32,4,12,6,10,7,14,6550,149084,Quicken Loans Arena,0.0,0.0,0,-37,-14,33,32,-28,-67,17,34,51,-50,-46,-21,23,-26,-69,0,0,0,-12,-8,-4,-7,0.0,8.333333333333334,-1.0,36.666666666666664,41.666666666666664,-27.333333333333332,-72.0,11.333333333333334,45.333333333333336,56.666666666666664,-10.333333333333334,-52.333333333333336,0.0,-2.0,-32.0,26.0,0.0,0.0,0.0,-4.0,-1.3333333333333333,-2.6666666666666665,-1.6666666666666667,-0.3333333333333333,1.0
4,WNBA,CLE,CLE,EA,,4,1,0,L,,,Cleveland Rockers,815,1975,464,643,135,425,349,720,1069,517,639,226,466,86,2229,809,1927,465,607,127,355,300,704,1004,510,659,223,467,135,2210,0,0,0,0,0,0,17,17,34,11,6,6,11,13,11,6825,125793,Quicken Loans Arena,1.0,2.0,0,6,48,-1,36,8,70,49,16,65,7,-20,3,-1,-49,19,0,0,0,0,5,-5,2,-1.0,-8.333333333333334,27.333333333333332,10.333333333333334,34.666666666666664,-4.0,24.333333333333332,38.333333333333336,22.0,60.333333333333336,-12.0,-28.666666666666668,-5.0,7.0,-41.333333333333336,-10.333333333333334,0.0,0.0,0.0,-4.0,0.6666666666666666,-4.666666666666667,-1.0,-0.6666666666666666,
4,WNBA,CON,CON,EA,,3,1,0,W,L,,Connecticut Sun,864,2102,479,646,177,549,333,762,1095,520,663,270,434,111,2384,864,2104,509,673,172,536,366,812,1178,553,669,252,476,88,2409,0,0,0,0,0,0,18,16,34,10,7,8,9,11,13,6875,102433,Mohegan Sun Arena,2.0,2.0,0,0,-2,-30,-27,5,13,-33,-50,-83,-33,-6,18,-42,23,-25,0,0,0,2,3,-1,-2,0.0,0.0,-2.0,-30.0,-27.0,5.0,13.0,-33.0,-50.0,-83.0,-33.0,-6.0,18.0,-42.0,23.0,-25.0,0.0,0.0,0.0,2.0,3.0,-1.0,-2.0,0.0,1.0
5,WNBA,CON,CON,EA,,1,1,0,W,W,L,Connecticut Sun,876,2051,434,590,149,467,321,724,1045,572,610,299,462,96,2335,858,1996,443,599,145,384,306,757,1063,565,627,239,492,113,2304,0,0,0,0,0,0,18,16,34,10,7,8,9,14,6,6900,114017,Mohegan Sun Arena,5.0,3.0,1,18,55,-9,-9,4,83,15,-33,-18,7,-17,60,-30,-17,31,0,0,0,2,3,-1,8,2.0,12.0,36.0,-16.0,-15.0,4.333333333333333,59.666666666666664,-1.0,-38.666666666666664,-39.666666666666664,-6.333333333333333,-13.333333333333334,46.0,-34.0,-3.6666666666666665,12.333333333333334,0.0,0.0,0.0,2.0,3.0,-1.0,4.666666666666667,1.3333333333333333,1.0
6,WNBA,CON,CON,EA,,1,1,0,W,W,W,Connecticut Sun,916,2025,512,688,130,373,322,788,1110,573,624,236,452,130,2474,835,2100,452,599,122,400,350,728,1078,495,675,258,442,79,2244,0,0,0,0,0,0,26,8,34,14,3,12,5,13,7,6800,121944,Mohegan Sun Arena,5.0,3.0,1,81,-75,60,89,8,-27,-28,60,32,78,-51,-22,10,51,230,0,0,0,18,11,7,6,2.0,60.0,-31.666666666666668,37.0,56.333333333333336,6.666666666666667,9.666666666666666,-13.666666666666666,29.0,15.333333333333334,54.333333333333336,-39.666666666666664,5.333333333333333,-3.3333333333333335,28.333333333333332,163.66666666666666,0.0,0.0,0.0,12.666666666666666,8.333333333333334,4.333333333333333,6.666666666666667,2.0,1.0
7,WNBA,CON,CON,EA,,1,1,0,W,L,,Connecticut Sun,982,2216,545,675,174,510,342,926,1268,630,530,252,514,153,2683,948,2357,358,500,163,508,370,783,1153,528,646,273,486,103,2417,0,0,0,0,0,0,26,8,34,14,3,12,5,15,5,6825,126096,Mohegan Sun Arena,3.0,2.0,2,34,-141,187,175,11,2,-28,143,115,102,-116,-21,28,50,266,0,0,0,18,11,7,10,1.0,49.666666666666664,-119.0,144.66666666666666,146.33333333333334,10.0,-7.666666666666667,-28.0,115.33333333333333,87.33333333333333,94.0,-94.33333333333333,-21.333333333333332,22.0,50.333333333333336,254.0,0.0,0.0,0.0,18.0,11.0,7.0,8.666666666666666,1.3333333333333333,1.0
8,WNBA,CON,CON,EA,,3,1,0,L,,,Connecticut Sun,1001,2327,478,615,195,572,354,868,1222,619,641,272,540,156,2675,976,2317,475,626,166,485,337,842,1179,581,633,246,524,85,2593,0,0,0,0,0,0,18,16,34,8,9,10,7,10,10,6925,135490,Mohegan Sun Arena,1.0,2.0,0,25,10,3,-11,29,87,17,26,43,38,8,26,16,71,82,0,0,0,2,-1,3,0,-1.0,28.0,-40.333333333333336,64.33333333333333,51.0,23.0,58.666666666666664,2.0,65.0,67.0,59.333333333333336,-33.333333333333336,10.333333333333334,20.0,64.0,143.33333333333334,0.0,0.0,0.0,7.333333333333333,3.0,4.333333333333333,3.3333333333333335,-0.3333333333333333,1.0
9,WNBA,CON,CON,EA,,2,1,0,L,,,Connecticut Sun,965,2286,539,723,221,669,370,869,1239,607,629,211,487,97,2690,955,2284,472,638,159,496,360,840,1200,554,703,252,499,104,2541,0,0,0,0,0,0,21,13,34,13,4,8,9,13,7,6850,129951,Mohegan Sun Arena,1.0,2.0,1,10,2,67,85,62,173,10,29,39,53,-74,-41,-12,-7,149,0,0,0,8,9,-1,6,-1.0,15.0,4.666666666666667,45.666666666666664,53.0,51.0,144.33333333333334,12.333333333333334,28.0,40.333333333333336,48.0,-46.666666666666664,-18.666666666666668,-2.6666666666666665,19.0,126.66666666666667,0.0,0.0,0.0,6.0,5.666666666666667,0.3333333333333333,4.0,-1.0,0.0
10,WNBA,CON,CON,EA,,6,0,0,,,,Connecticut Sun,966,2381,517,692,202,639,358,826,1184,608,677,250,453,130,2651,953,2236,591,746,157,488,329,945,1274,525,684,248,549,125,2654,0,0,0,0,0,0,16,18,34,12,5,4,13,10,12,6975,115496,Mohegan Sun Arena,0.0,0.0,0,13,145,-74,-54,45,151,29,-119,-90,83,-7,2,-96,5,-3,0,0,0,-2,7,-9,-2,0.0,12.0,97.33333333333333,-27.0,-7.666666666666667,50.666666666666664,158.33333333333334,22.666666666666668,-69.66666666666667,-47.0,73.0,-29.333333333333332,-12.333333333333334,-68.0,1.0,47.666666666666664,0.0,0.0,0.0,1.3333333333333333,7.666666666666667,-6.333333333333333,0.6666666666666666,-0.3333333333333333,
1,WNBA,DET,DET,EA,,5,0,0,,,,Detroit Shock,868,1980,519,699,76,273,341,644,985,503,701,260,530,88,2331,905,1967,480,652,136,372,331,640,971,513,672,284,543,148,2426,0,0,0,0,0,0,14,18,32,8,8,6,10,10,11,6425,107289,The Palace of Auburn Hills,0.0,0.0,0,-37,13,39,47,-60,-99,10,4,14,-10,29,-24,-13,-60,-95,0,0,0,-4,0,-4,-1,0.0,-37.0,13.0,39.0,47.0,-60.0,-99.0,10.0,4.0,14.0,-10.0,29.0,-24.0,-13.0,-60.0,-95.0,0.0,0.0,0.0,-4.0,0.0,-4.0,-1.0,0.0,0.0
2,WNBA,DET,DET,EA,,7,0,0,,,,Detroit Shock,774,1914,412,542,143,405,324,621,945,469,602,225,498,82,2103,848,1837,446,583,127,340,279,702,981,438,591,262,483,109,2269,0,0,0,0,0,0,10,22,32,6,10,4,12,7,14,6550,109348,The Palace of Auburn Hills,0.0,0.0,0,-74,77,-34,-41,16,65,45,-81,-36,31,11,-37,15,-27,-166,0,0,0,-12,-4,-8,-7,0.0,-61.666666666666664,55.666666666666664,-9.666666666666666,-11.666666666666666,-9.333333333333334,10.333333333333334,33.333333333333336,-52.666666666666664,-19.333333333333332,17.333333333333332,17.0,-32.666666666666664,5.666666666666667,-38.0,-142.33333333333334,0.0,0.0,0.0,-9.333333333333334,-2.6666666666666665,-6.666666666666667,-5.0,0.0,0.0
3,WNBA,DET,DET,EA,,8,0,0,,,,Detroit Shock,766,1919,472,651,110,364,360,719,1079,478,609,201,541,132,2114,828,1984,464,605,146,447,314,669,983,465,637,277,443,139,2266,0,0,0,0,0,0,9,23,32,7,9,2,14,6,15,6450,94171,The Palace of Auburn Hills,0.0,0.0,0,-62,-65,8,46,-36,-83,46,50,96,13,-28,-76,98,-7,-152,0,0,0,-14,-2,-12,-9,0.0,-66.0,-17.666666666666668,-6.0,17.0,-18.666666666666668,-33.666666666666664,45.666666666666664,6.333333333333333,52.0,19.0,-15.0,-63.0,70.33333333333333,-13.666666666666666,-156.66666666666666,0.0,0.0,0.0,-13.333333333333334,-2.6666666666666665,-10.666666666666666,-8.333333333333334,0.0,1.0
4,WNBA,DET,DET,EA,,1,1,0,W,W,W,Detroit Shock,902,2004,624,882,125,323,379,851,1230,545,605,263,608,158,2553,911,2286,412,556,161,541,390,674,1064,504,774,309,497,129,2395,0,0,0,0,0,0,25,9,34,13,4,12,5,18,6,6900,133647,The Palace of Auburn Hills,6.0,2.0,3,-9,-282,212,326,-36,-218,-11,177,166,41,-169,-46,111,29,158,0,0,0,16,9,7,12,4.0,-26.666666666666668,-209.66666666666666,144.0,232.66666666666666,-36.0,-173.0,8.0,134.66666666666666,142.66666666666666,31.666666666666668,-122.0,-56.0,106.66666666666667,17.0,54.666666666666664,0.0,0.0,0.0,6.0,5.333333333333333,0.6666666666666666,5.0,2.6666666666666665,1.0
5,WNBA,DET,DET,EA,,3,1,0,L,,,Detroit Shock,874,2097,556,792,62,209,397,773,1170,564,648,277,513,148,2366,860,2098,470,609,191,533,325,730,1055,515,728,289,496,131,2381,0,0,0,0,0,0,17,17,34,8,9,9,8,11,9,6850,160860,The Palace of Auburn Hills,1.0,2.0,0,14,-1,86,183,-129,-324,72,43,115,49,-80,-12,17,17,-15,0,0,0,0,-1,1,2,-1.0,6.333333333333333,-94.66666666666667,128.0,230.66666666666666,-98.0,-288.6666666666667,44.333333333333336,87.66666666666667,132.0,46.333333333333336,-109.66666666666667,-23.333333333333332,48.333333333333336,21.0,42.666666666666664,0.0,0.0,0.0,5.333333333333333,2.3333333333333335,3.0,5.333333333333333,0.6666666666666666,1.0
6,WNBA,DET,DET,EA,,4,1,0,L,,,Detroit Shock,831,2060,509,774,76,238,412,803,1215,474,761,241,571,155,2247,784,1945,565,754,154,456,273,745,1018,473,744,272,520,136,2287,0,0,0,0,0,0,16,18,34,12,5,4,13,11,9,6925,159356,The Palace of Auburn Hills,0.0,2.0,0,47,115,-56,20,-78,-218,139,58,197,1,17,-31,51,19,-40,0,0,0,-2,7,-9,2,-2.0,36.0,76.33333333333333,-8.666666666666666,74.33333333333333,-95.0,-253.33333333333334,116.66666666666667,53.0,169.66666666666666,17.0,-15.333333333333334,-24.666666666666668,39.666666666666664,18.333333333333332,-31.666666666666668,0.0,0.0,0.0,-1.3333333333333333,4.333333333333333,-5.666666666666667,2.0,-1.6666666666666667,1.0
7,WNBA,DET,DET,EA,,2,1,0,W,W,W,Detroit Shock,919,2220,553,746,136,414,406,880,1286,572,711,213,537,137,2527,840,2165,529,702,175,561,324,760,1084,474,733,275,506,108,2384,0,0,0,0,0,0,23,11,34,14,3,9,8,14,6,6825,159453,The Palace of Auburn Hills,7.0,3.0,2,79,55,24,44,-39,-147,82,120,202,98,-22,-62,31,29,143,0,0,0,12,11,1,8,4.0,68.33333333333333,75.0,-2.6666666666666665,36.0,-52.0,-170.66666666666666,101.0,99.33333333333333,200.33333333333334,65.66666666666667,-9.0,-51.666666666666664,37.666666666666664,25.666666666666668,82.0,0.0,0.0,0.0,7.333333333333333,9.666666666666666,-2.3333333333333335,6.0,2.0,1.0
8,WNBA,DET,DET,EA,,1,1,0,W,W,L,Detroit Shock,972,2261,595,785,158,442,380,931,1311,563,702,227,564,117,2697,895,2262,547,718,203,610,309,780,1089,546,767,276,529,117,2540,0,0,0,0,0,0,24,10,34,12,5,12,5,14,6,6850,165738,The Palace of Auburn Hills,6.0,5.0,2,77,-1,48,67,-45,-168,71,151,222,17,-65,-49,35,0,157,0,0,0,14,7,7,8,1.0,77.66666666666667,17.666666666666668,40.0,59.333333333333336,-43.0,-161.0,74.66666666666667,140.66666666666666,215.33333333333334,44.0,-50.666666666666664,-53.333333333333336,33.666666666666664,9.666666666666666,152.33333333333334,0.0,0.0,0.0,13.333333333333334,8.333333333333334,5.0,8.0,2.0,1.0
9,WNBA,DET,DET,EA,,1,1,0,W,W,W,Detroit Shock,974,2295,556,744,168,476,405,843,1248,604,724,278,496,118,2672,872,2151,563,740,215,616,324,761,1085,520,762,229,572,119,2522,0,0,0,0,0,0,22,12,34,14,3,8,9,16,4,6875,162669,The Palace of Auburn Hills,7.0,2.0,1,102,144,-7,4,-47,-140,81,82,163,84,-38,49,-76,-1,150,0,0,0,10,11,-1,12,5.0,93.66666666666667,95.66666666666667,11.333333333333334,25.0,-46.333333333333336,-149.33333333333334,77.66666666666667,105.0,182.66666666666666,61.666666666666664,-47.0,16.333333333333332,-39.0,-0.6666666666666666,152.33333333333334,0.0,0.0,0.0,11.333333333333334,9.666666666666666,1.6666666666666667,10.666666666666666,3.6666666666666665,1.0
10,WNBA,DET,DET,EA,,3,1,0,W,L,,Detroit Shock,980,2277,539,721,153,436,373,853,1226,575,766,261,546,97,2652,902,2201,632,813,208,611,320,781,1101,524,716,279,531,110,2644,0,0,0,0,0,0,18,16,34,11,6,7,10,11,11,6975,136069,The Palace of Auburn Hills,3.0,2.0,0,78,76,-93,-92,-55,-175,53,72,125,51,50,-18,15,-13,8,0,0,0,2,5,-3,0,1.0,86.0,98.66666666666667,-64.33333333333333,-60.0,-52.333333333333336,-163.33333333333334,62.333333333333336,75.33333333333333,137.66666666666666,62.0,20.666666666666668,4.333333333333333,-15.333333333333334,-9.0,55.333333333333336,0.0,0.0,0.0,4.666666666666667,7.0,-2.3333333333333335,4.0,2.3333333333333335,
1,WNBA,HOU,HOU,WE,,2,1,0,W,W,W,Houston Comets,891,1894,521,634,172,491,273,724,997,494,554,284,440,104,2475,786,1938,370,508,124,418,290,612,902,473,648,233,480,85,2066,0,0,0,0,0,0,27,5,32,14,2,13,3,17,4,6475,196077,Compaq Center,6.0,0.0,4,105,-44,151,126,48,73,-17,112,95,21,-94,51,-40,19,409,0,0,0,22,12,10,13,6.0,105.0,-44.0,151.0,126.0,48.0,73.0,-17.0,112.0,95.0,21.0,-94.0,51.0,-40.0,19.0,409.0,0.0,0.0,0.0,22.0,12.0,10.0,13.0,6.0,1.0
2,WNBA,HOU,HOU,WE,,4,1,0,L,,,Houston Comets,747,1908,415,539,138,435,348,710,1058,426,509,251,436,95,2047,740,1883,362,504,152,456,297,685,982,452,561,248,433,120,1994,0,0,0,0,0,0,19,13,32,11,5,8,8,13,8,6450,181115,Compaq Center,0.0,2.0,1,7,25,53,35,-14,-21,51,25,76,-26,-52,3,3,-25,53,0,0,0,6,6,0,5,-2.0,39.666666666666664,2.0,85.66666666666667,65.33333333333333,6.666666666666667,10.333333333333334,28.333333333333332,54.0,82.33333333333333,-10.333333333333334,-66.0,19.0,-11.333333333333334,-10.333333333333334,171.66666666666666,0.0,0.0,0.0,11.333333333333334,8.0,3.3333333333333335,7.666666666666667,0.6666666666666666,1.0
3,WNBA,HOU,HOU,WE,,2,1,0,L,,,Houston Comets,755,1778,453,585,109,332,299,702,1001,450,467,260,455,126,2072,705,1880,331,452,151,489,309,664,973,446,606,262,464,71,1892,0,0,0,0,0,0,24,8,32,14,2,10,6,16,5,6425,188648,Compaq Center,1.0,2.0,2,50,-102,122,133,-42,-157,-10,38,28,4,-139,-2,-9,55,180,0,0,0,16,12,4,11,-1.0,35.666666666666664,-59.666666666666664,99.0,100.33333333333333,-32.666666666666664,-111.66666666666667,10.333333333333334,33.666666666666664,44.0,-6.0,-110.0,-0.3333333333333333,-5.0,28.333333333333332,137.66666666666666,0.0,0.0,0.0,12.666666666666666,10.0,2.6666666666666665,9.0,-1.3333333333333333,1.0
4,WNBA,HOU,HOU,WE,,2,1,0,L,,,Houston Comets,828,1916,473,600,115,344,266,764,1030,465,490,231,450,129,2244,824,2030,325,448,169,500,298,708,1006,516,634,227,430,122,2142,0,0,0,0,0,0,20,14,34,14,3,6,11,14,10,6825,150203,Compaq Center,1.0,2.0,2,4,-114,148,152,-54,-156,-32,56,24,-51,-144,4,20,7,102,0,0,0,6,11,-5,4,-1.0,19.333333333333332,-110.0,139.33333333333334,145.66666666666666,-50.0,-156.33333333333334,-24.666666666666668,50.0,25.333333333333332,-32.666666666666664,-142.33333333333334,2.0,10.333333333333334,23.0,128.0,0.0,0.0,0.0,9.333333333333334,11.333333333333334,-2.0,6.333333333333333,-1.0,0.0
5,WNBA,HOU,HOU,WE,,6,0,0,,,,Houston Comets,798,1933,458,615,123,358,311,724,1035,451,555,242,484,107,2177,834,2008,391,531,152,434,335,720,1055,539,655,258,471,129,2211,0,0,0,0,0,0,13,21,34,9,8,4,13,7,15,6850,137455,Toyota Center,0.0,0.0,0,-36,-75,67,84,-29,-76,-24,4,-20,-88,-100,-16,13,-22,-34,0,0,0,-8,1,-9,-8,0.0,-22.666666666666668,-88.0,94.0,106.66666666666667,-37.333333333333336,-102.66666666666667,-26.666666666666668,21.333333333333332,-5.333333333333333,-75.66666666666667,-114.66666666666667,-9.333333333333334,15.333333333333334,-12.333333333333334,11.333333333333334,0.0,0.0,0.0,-3.3333333333333335,4.333333333333333,-7.666666666666667,-4.0,-0.3333333333333333,1.0
6,WNBA,HOU,HOU,WE,,3,1,0,W,L,,Houston Comets,860,1920,527,690,62,205,276,684,960,467,581,246,425,105,2309,848,1944,419,559,148,423,274,687,961,541,685,197,481,111,2263,0,0,0,0,0,0,19,15,34,11,6,8,9,11,11,6875,120676,Toyota Center,2.0,3.0,2,12,-24,108,131,-86,-218,2,-3,-1,-74,-104,49,-56,-6,46,0,0,0,4,5,-1,0,-1.0,-4.0,-41.0,94.33333333333333,115.33333333333333,-67.0,-170.66666666666666,-6.666666666666667,-0.6666666666666666,-7.333333333333333,-78.66666666666667,-102.66666666666667,27.333333333333332,-33.0,-11.333333333333334,19.333333333333332,0.0,0.0,0.0,0.0,3.6666666666666665,-3.6666666666666665,-2.6666666666666665,-0.6666666666666666,1.0
7,WNBA,HOU,HOU,WE,,3,1,0,L,,,Houston Comets,928,2098,482,678,169,472,303,822,1125,532,617,252,566,84,2507,928,2232,445,615,148,496,337,787,1124,526,705,298,519,89,2449,0,0,0,0,0,0,18,16,34,12,5,6,11,11,9,6925,130586,Toyota Center,0.0,2.0,4,0,-134,37,63,21,-24,-34,35,1,6,-88,-46,47,-5,58,0,0,0,2,7,-5,2,-2.0,4.0,-97.33333333333333,60.666666666666664,85.66666666666667,-14.666666666666666,-88.66666666666667,-22.0,22.333333333333332,0.3333333333333333,-20.666666666666668,-93.33333333333333,-14.333333333333334,12.666666666666666,-5.333333333333333,54.0,0.0,0.0,0.0,2.6666666666666665,6.333333333333333,-3.6666666666666665,1.3333333333333333,-1.6666666666666667,0.0
8,WNBA,HOU,HOU,WE,,5,0,0,,,,Houston Comets,915,2149,554,721,126,365,374,770,1144,558,655,289,633,109,2510,924,2190,578,719,202,581,342,721,1063,588,677,310,568,160,2628,0,0,0,0,0,0,13,21,34,7,10,6,11,10,12,6800,138816,Toyota Center,0.0,0.0,0,-9,-41,-24,2,-76,-216,32,49,81,-30,-22,-21,65,-51,-118,0,0,0,-8,-3,-5,-2,0.0,-6.0,-72.0,-3.6666666666666665,22.333333333333332,-43.666666666666664,-152.0,10.0,44.333333333333336,54.333333333333336,-18.0,-44.0,-29.333333333333332,59.0,-35.666666666666664,-59.333333333333336,0.0,0.0,0.0,-4.666666666666667,0.3333333333333333,-5.0,-0.6666666666666666,-0.6666666666666666,0.0
9,WNBA,HOU,HOU,WE,,5,0,0,,,,Houston Comets,923,2213,563,736,152,481,376,803,1179,556,728,295,599,120,2561,903,2186,582,781,218,580,349,743,1092,542,744,313,555,165,2606,0,0,0,0,0,0,17,17,34,13,4,4,13,10,10,6925,111951,Toyota Center,0.0,0.0,0,20,27,-19,-45,-66,-99,27,60,87,14,-16,-18,44,-45,-45,0,0,0,0,9,-9,0,0.0,10.333333333333334,4.333333333333333,-20.666666666666668,-29.333333333333332,-69.33333333333333,-138.0,28.666666666666668,56.333333333333336,85.0,-0.6666666666666666,-18.0,-19.0,51.0,-47.0,-69.33333333333333,0.0,0.0,0.0,-2.6666666666666665,5.0,-7.666666666666667,-0.6666666666666666,0.0,
1,WNBA,IND,IND,EA,,7,0,0,,,,Indiana Fever,796,1838,428,569,193,521,285,647,932,501,642,271,518,126,2213,839,1868,503,669,109,358,321,633,954,528,612,267,476,75,2290,0,0,0,0,0,0,9,23,32,5,11,4,12,7,14,6425,180270,Conseco Fieldhouse,0.0,0.0,0,-43,-30,-75,-100,84,163,-36,14,-22,-27,30,4,42,51,-77,0,0,0,-14,-6,-8,-7,0.0,-43.0,-30.0,-75.0,-100.0,84.0,163.0,-36.0,14.0,-22.0,-27.0,30.0,4.0,42.0,51.0,-77.0,0.0,0.0,0.0,-14.0,-6.0,-8.0,-7.0,0.0,0.0
2,WNBA,IND,IND,EA,,6,0,0,,,,Indiana Fever,762,1822,472,591,157,446,286,649,935,458,600,242,491,118,2153,853,1899,412,583,131,367,306,660,966,565,616,256,466,140,2249,0,0,0,0,0,0,10,22,32,7,9,3,13,7,14,6475,138922,Conseco Fieldhouse,0.0,0.0,0,-91,-77,60,8,26,79,-20,-11,-31,-107,-16,-14,25,-22,-96,0,0,0,-12,-2,-10,-7,0.0,-75.0,-61.333333333333336,15.0,-28.0,45.333333333333336,107.0,-25.333333333333332,-2.6666666666666665,-28.0,-80.33333333333333,-0.6666666666666666,-8.0,30.666666666666668,2.3333333333333335,-89.66666666666667,0.0,0.0,0.0,-12.666666666666666,-3.3333333333333335,-9.333333333333334,-7.0,0.0,1.0
3,WNBA,IND,IND,EA,,4,1,0,L,,,Indiana Fever,731,1825,455,580,180,543,315,633,948,447,559,268,438,100,2097,804,1817,359,503,162,464,288,644,932,507,647,226,470,145,2129,0,0,0,0,0,0,16,16,32,10,6,6,10,12,9,6425,134945,Conseco Fieldhouse,1.0,2.0,1,-73,8,96,77,18,79,27,-11,16,-60,-88,42,-32,-45,-32,0,0,0,0,4,-4,3,-1.0,-79.0,-20.333333333333332,84.0,54.0,20.666666666666668,79.0,11.333333333333334,-11.0,0.3333333333333333,-75.66666666666667,-64.0,23.333333333333332,-13.0,-37.333333333333336,-53.333333333333336,0.0,0.0,0.0,-4.0,2.0,-6.0,-0.3333333333333333,-0.6666666666666666,0.0
4,WNBA,IND,IND,EA,,5,0,0,,,,Indiana Fever,839,2011,449,563,210,600,334,654,988,539,668,299,474,121,2337,837,1908,490,638,157,421,309,677,986,570,631,227,512,170,2321,0,0,0,0,0,0,16,18,34,11,6,5,12,12,12,6875,141778,Conseco Fieldhouse,0.0,0.0,0,2,103,-41,-75,53,179,25,-23,2,-31,37,72,-38,-49,16,0,0,0,-2,5,-7,0,0.0,-23.0,71.33333333333333,4.666666666666667,-24.333333333333332,41.333333333333336,145.66666666666666,25.666666666666668,-19.0,6.666666666666667,-40.666666666666664,-4.666666666666667,62.0,-36.0,-47.666666666666664,0.0,0.0,0.0,0.0,-1.3333333333333333,4.666666666666667,-6.0,1.0,-0.3333333333333333,0.0
5,WNBA,IND,IND,EA,,6,0,0,,,,Indiana Fever,791,2011,450,580,166,481,396,705,1101,555,639,261,486,134,2198,804,1865,516,695,121,352,281,688,969,514,603,268,466,162,2245,0,0,0,0,0,0,15,19,34,10,7,5,12,8,12,6850,128989,Conseco Fieldhouse,0.0,0.0,1,-13,146,-66,-115,45,129,115,17,132,41,36,-7,20,-28,-47,0,0,0,-4,3,-7,-4,0.0,-8.0,131.66666666666666,-57.666666666666664,-101.66666666666667,47.666666666666664,145.66666666666666,85.0,3.6666666666666665,88.66666666666667,17.0,36.333333333333336,19.333333333333332,0.6666666666666666,-35.0,-26.0,0.0,0.0,0.0,-3.3333333333333335,3.6666666666666665,-7.0,-2.6666666666666665,0.0,1.0
6,WNBA,IND,IND,EA,,2,1,0,W,L,,Indiana Fever,784,1958,452,595,150,468,341,671,1012,493,668,336,477,95,2170,775,1798,460,642,123,367,279,711,990,435,644,234,558,113,2133,0,0,0,0,0,0,21,13,34,14,3,7,10,14,6,6925,142494,Conseco Fieldhouse,2.0,2.0,1,9,160,-8,-47,27,101,62,-40,22,58,24,102,-81,-18,37,0,0,0,8,11,-3,8,0.0,1.6666666666666667,155.33333333333334,-27.333333333333332,-69.66666666666667,33.0,110.33333333333333,79.66666666666667,-21.0,58.666666666666664,52.333333333333336,28.0,65.66666666666667,-47.333333333333336,-21.333333333333332,9.0,0.0,0.0,0.0,4.0,8.333333333333334,-4.333333333333333,4.0,0.0,1.0
7,WNBA,IND,IND,EA,,3,1,0,L,,,Indiana Fever,873,2144,518,676,171,551,339,755,1094,501,606,354,528,93,2435,883,2043,413,559,137,444,288,773,1061,507,685,259,617,105,2316,0,0,0,0,0,0,21,13,34,12,5,9,8,12,8,6850,122768,Conseco Fieldhouse,0.0,2.0,2,-10,101,105,117,34,107,51,-18,33,-6,-79,95,-89,-12,119,0,0,0,8,7,1,4,-2.0,-3.6666666666666665,120.66666666666667,67.33333333333333,62.333333333333336,31.666666666666668,105.0,54.666666666666664,-25.333333333333332,29.333333333333332,15.333333333333334,-44.666666666666664,97.33333333333333,-86.33333333333333,-14.0,91.66666666666667,0.0,0.0,0.0,8.0,8.333333333333334,-0.3333333333333333,5.333333333333333,-1.3333333333333333,1.0
8,WNBA,IND,IND,EA,,2,1,0,W,L,,Indiana Fever,907,2167,478,617,188,546,341,812,1153,511,646,308,589,136,2480,881,2192,450,608,158,483,369,795,1164,475,663,280,610,114,2370,0,0,0,0,0,0,21,13,34,12,5,9,8,12,8,6875,133915,Conseco Fieldhouse,3.0,3.0,1,26,-25,28,9,30,63,-28,17,-11,36,-17,28,-21,22,110,0,0,0,8,7,1,4,0.0,14.0,17.0,53.666666666666664,45.0,31.333333333333332,77.66666666666667,-1.6666666666666667,5.333333333333333,3.6666666666666665,22.0,-37.666666666666664,50.333333333333336,-43.666666666666664,10.666666666666666,113.0,0.0,0.0,0.0,8.0,7.0,1.0,4.0,-0.6666666666666666,1.0
9,WNBA,IND,IND,EA,,4,1,0,L,,,Indiana Fever,876,2179,495,656,226,662,349,778,1127,500,727,324,585,165,2473,891,2127,540,706,135,415,338,833,1171,477,659,294,608,130,2457,0,0,0,0,0,0,17,17,34,11,6,6,11,12,8,6950,130941,Conseco Fieldhouse,1.0,2.0,1,-15,52,-45,-50,91,247,11,-55,-44,23,68,30,-23,35,16,0,0,0,0,5,-5,4,-1.0,-1.3333333333333333,26.333333333333332,-20.666666666666668,-30.333333333333332,70.66666666666667,185.66666666666666,-2.0,-31.0,-33.0,27.333333333333332,39.666666666666664,29.333333333333332,-22.333333333333332,30.666666666666668,47.333333333333336,0.0,0.0,0.0,2.6666666666666665,5.666666666666667,-3.0,4.0,-0.6666666666666666,1.0
10,WNBA,IND,IND,EA,,1,1,0,W,W,L,Indiana Fever,890,2212,613,746,213,637,342,780,1122,527,692,373,531,117,2606,909,2118,529,692,154,483,318,849,1167,498,700,271,638,116,2501,0,0,0,0,0,0,22,12,34,14,3,8,9,17,5,6925,134964,Conseco Fieldhouse,6.0,4.0,1,-19,94,84,54,59,154,24,-69,-45,29,-8,102,-107,1,105,0,0,0,10,11,-1,12,2.0,-17.666666666666668,80.0,41.0,19.333333333333332,69.66666666666667,185.0,19.666666666666668,-64.33333333333333,-44.666666666666664,27.0,17.333333333333332,78.0,-79.0,12.333333333333334,75.33333333333333,0.0,0.0,0.0,6.666666666666667,9.0,-2.3333333333333335,9.333333333333334,1.0,
1,WNBA,LAS,LAS,WE,,1,1,0,W,L,,Los Angeles Sparks,861,1956,545,693,150,452,308,783,1091,586,705,271,466,156,2417,776,1963,495,692,122,413,300,678,978,445,650,243,485,105,2169,0,0,0,0,0,0,28,4,32,15,1,13,3,17,4,6450,105005,Staples Center,2.0,2.0,1,85,-7,50,1,28,39,8,105,113,141,55,28,-19,51,248,0,0,0,24,14,10,13,0.0,85.0,-7.0,50.0,1.0,28.0,39.0,8.0,105.0,113.0,141.0,55.0,28.0,-19.0,51.0,248.0,0.0,0.0,0.0,24.0,14.0,10.0,13.0,0.0,1.0
2,WNBA,LAS,LAS,WE,,1,1,0,W,W,W,Los Angeles Sparks,916,2031,449,594,160,436,350,755,1105,596,616,281,438,138,2441,779,1985,416,547,192,603,294,627,921,538,591,234,453,114,2166,0,0,0,0,0,0,28,4,32,16,0,12,4,19,2,6475,148446,Staples Center,6.0,1.0,3,137,46,33,47,-32,-167,56,128,184,58,25,47,-15,24,275,0,0,0,24,16,8,17,5.0,119.66666666666667,28.333333333333332,38.666666666666664,31.666666666666668,-12.0,-98.33333333333333,40.0,120.33333333333333,160.33333333333334,85.66666666666667,35.0,40.666666666666664,-16.333333333333332,33.0,266.0,0.0,0.0,0.0,24.0,15.333333333333334,8.666666666666666,15.666666666666666,3.3333333333333335,1.0
3,WNBA,LAS,LAS,WE,,1,1,0,W,W,W,Los Angeles Sparks,891,2002,476,645,194,515,329,814,1143,583,664,257,517,161,2452,796,2040,480,649,163,521,314,645,959,508,623,275,453,111,2235,0,0,0,0,0,0,25,7,32,12,4,13,3,17,4,6475,186410,Staples Center,6.0,0.0,2,95,-38,-4,-4,31,-6,15,169,184,75,41,-18,64,50,217,0,0,0,18,8,10,13,6.0,109.0,-10.0,8.333333333333334,13.0,10.0,-59.666666666666664,28.666666666666668,155.33333333333334,184.0,69.33333333333333,35.666666666666664,3.6666666666666665,37.666666666666664,41.333333333333336,236.33333333333334,0.0,0.0,0.0,20.0,10.666666666666666,9.333333333333334,14.333333333333334,5.666666666666667,1.0
4,WNBA,LAS,LAS,WE,,1,1,0,W,W,L,Los Angeles Sparks,894,2140,537,678,174,528,336,813,1149,587,682,242,470,161,2499,866,2147,504,702,196,540,316,789,1105,572,654,241,468,127,2432,0,0,0,0,0,0,24,10,34,11,6,13,4,17,7,6900,157934,Staples Center,5.0,4.0,1,28,-7,33,-24,-22,-12,20,24,44,15,28,1,2,34,67,0,0,0,14,5,9,10,1.0,50.333333333333336,-17.333333333333332,20.666666666666668,-17.333333333333332,-4.333333333333333,-10.0,18.333333333333332,72.33333333333333,90.66666666666667,35.0,32.333333333333336,-5.333333333333333,22.666666666666668,39.333333333333336,117.0,0.0,0.0,0.0,15.333333333333334,6.0,9.333333333333334,11.0,2.6666666666666665,1.0
5,WNBA,LAS,LAS,WE,,1,1,0,L,,,Los Angeles Sparks,904,2069,530,722,157,414,312,809,1121,626,731,262,529,148,2495,815,2095,557,761,174,511,339,727,1066,532,704,288,523,114,2361,0,0,0,0,0,0,25,9,34,15,2,10,7,16,6,6975,177269,Staples Center,1.0,2.0,2,89,-26,-27,-39,-17,-97,-27,82,55,94,27,-26,6,34,134,0,0,0,16,13,3,10,-1.0,68.66666666666667,-19.666666666666668,-7.0,-34.0,-18.666666666666668,-68.66666666666667,-11.333333333333334,62.666666666666664,51.333333333333336,67.66666666666667,27.333333333333332,-17.0,4.666666666666667,34.0,111.66666666666667,0.0,0.0,0.0,15.333333333333334,10.333333333333334,5.0,10.0,-0.3333333333333333,1.0
6,WNBA,LAS,LAS,WE,,4,1,0,L,,,Los Angeles Sparks,873,2042,456,630,124,387,321,683,1004,551,737,264,492,136,2326,818,1955,527,709,182,519,332,709,1041,567,654,247,544,115,2345,0,0,0,0,0,0,17,17,34,11,6,6,11,12,10,6800,150521,Staples Center,0.0,2.0,0,55,87,-71,-79,-58,-132,-11,-26,-37,-16,83,17,-52,21,-19,0,0,0,0,5,-5,2,-2.0,66.33333333333333,49.333333333333336,-56.333333333333336,-65.66666666666667,-44.333333333333336,-120.33333333333333,-16.333333333333332,10.0,-6.333333333333333,20.666666666666668,64.33333333333333,2.6666666666666665,-32.666666666666664,25.333333333333332,32.0,0.0,0.0,0.0,5.333333333333333,7.666666666666667,-2.3333333333333335,4.666666666666667,-1.6666666666666667,1.0
7,WNBA,LAS,LAS,WE,,1,1,0,W,L,,Los Angeles Sparks,962,2195,540,726,111,377,350,852,1202,610,679,296,534,129,2575,873,2184,534,721,196,570,336,746,1082,565,636,284,556,128,2476,0,0,0,0,0,0,25,9,34,15,2,10,7,15,5,6825,141282,Staples Center,2.0,3.0,3,89,11,6,5,-85,-193,14,106,120,45,43,12,-22,1,99,0,0,0,16,13,3,10,-1.0,77.66666666666667,36.333333333333336,-19.666666666666668,-23.0,-76.0,-172.66666666666666,5.666666666666667,62.0,67.66666666666667,24.666666666666668,56.333333333333336,13.666666666666666,-32.0,7.666666666666667,59.666666666666664,0.0,0.0,0.0,10.666666666666666,10.333333333333334,0.3333333333333333,7.333333333333333,-1.3333333333333333,0.0
8,WNBA,LAS,LAS,WE,,7,0,0,,,,Los Angeles Sparks,940,2305,493,627,160,456,356,783,1139,554,732,245,571,107,2533,954,2212,609,800,191,537,343,836,1179,616,605,290,550,137,2708,0,0,0,0,0,0,10,24,34,5,12,5,12,6,16,6900,147810,Staples Center,0.0,0.0,0,-14,93,-116,-173,-31,-81,13,-53,-40,-62,127,-45,21,-30,-175,0,0,0,-14,-7,-7,-10,0.0,20.333333333333332,65.66666666666667,-75.33333333333333,-113.66666666666667,-49.0,-118.33333333333333,13.333333333333334,0.0,13.333333333333334,-26.333333333333332,99.0,-26.0,6.666666666666667,-19.666666666666668,-83.66666666666667,0.0,0.0,0.0,-4.0,-0.3333333333333333,-3.6666666666666665,-3.3333333333333335,-0.3333333333333333,1.0
9,WNBA,LAS,LAS,WE,,3,1,0,W,L,,Los Angeles Sparks,954,2248,539,717,151,485,386,896,1282,613,713,251,608,216,2598,888,2310,562,751,185,547,359,768,1127,513,717,303,523,141,2523,0,0,0,0,0,0,20,14,34,12,5,8,9,12,8,7000,161639,Staples Center,3.0,3.0,3,66,-62,-23,-34,-34,-62,27,128,155,100,-4,-52,85,75,75,0,0,0,6,7,-1,4,0.0,39.333333333333336,-10.333333333333334,-54.0,-80.33333333333333,-33.0,-68.33333333333333,22.333333333333332,67.66666666666667,90.0,46.0,39.666666666666664,-49.666666666666664,63.666666666666664,40.0,-8.333333333333334,0.0,0.0,0.0,-0.6666666666666666,2.3333333333333335,-3.0,-0.6666666666666666,0.0,1.0
10,WNBA,LAS,LAS,WE,,3,1,0,W,L,,Los Angeles Sparks,973,2264,435,550,152,512,365,883,1248,587,583,217,568,166,2533,903,2262,479,623,213,636,320,730,1050,516,622,300,463,115,2498,0,0,0,0,0,0,18,16,34,11,6,7,10,11,9,6925,176587,Staples Center,3.0,3.0,0,70,2,-44,-73,-61,-124,45,153,198,71,-39,-83,105,51,35,0,0,0,2,5,-3,2,0.0,68.66666666666667,-19.333333333333332,-37.0,-60.0,-52.0,-103.33333333333333,39.0,144.66666666666666,183.66666666666666,80.66666666666667,-27.333333333333332,-72.66666666666667,98.33333333333333,59.0,48.333333333333336,0.0,0.0,0.0,3.3333333333333335,5.666666666666667,-2.3333333333333335,2.6666666666666665,0.0,
1,WNBA,MIA,MIA,EA,,6,0,0,,,,Miami Sol,647,1774,452,664,85,310,365,595,960,415,707,272,524,88,1831,715,1676,454,627,117,315,275,648,923,416,661,247,528,118,2001,0,0,0,0,0,0,13,19,32,9,7,4,12,9,12,6475,127721,AmericanAirlines Arena,0.0,0.0,0,-68,98,-2,37,-32,-5,90,-53,37,-1,46,25,-4,-30,-170,0,0,0,-6,2,-8,-3,0.0,-68.0,98.0,-2.0,37.0,-32.0,-5.0,90.0,-53.0,37.0,-1.0,46.0,25.0,-4.0,-30.0,-170.0,0.0,0.0,0.0,-6.0,2.0,-8.0,-3.0,0.0,1.0
2,WNBA,MIA,MIA,EA,,3,1,0,L,,,Miami Sol,754,1826,356,469,93,295,292,651,943,467,602,300,448,153,1957,679,1725,420,588,120,395,301,667,968,388,538,259,512,87,1898,0,0,0,0,0,0,20,12,32,10,6,10,6,14,7,6575,141717,AmericanAirlines Arena,1.0,2.0,1,75,101,-64,-119,-27,-100,-9,-16,-25,79,64,41,-64,66,59,0,0,0,8,4,4,7,-1.0,27.333333333333332,100.0,-43.333333333333336,-67.0,-28.666666666666668,-68.33333333333333,24.0,-28.333333333333332,-4.333333333333333,52.333333333333336,58.0,35.666666666666664,-44.0,34.0,-17.333333333333332,0.0,0.0,0.0,3.3333333333333335,3.3333333333333335,0.0,3.6666666666666665,-0.6666666666666666,0.0
3,WNBA,MIA,MIA,EA,,6,0,0,,,,Miami Sol,774,1856,369,529,129,389,296,573,869,476,643,274,435,96,2046,745,1722,469,614,129,382,278,693,971,446,588,222,515,104,2088,0,0,0,0,0,0,15,17,32,9,7,6,10,11,10,6475,141252,AmericanAirlines Arena,0.0,0.0,0,29,134,-100,-85,0,7,18,-120,-102,30,55,52,-80,-8,-42,0,0,0,-2,2,-4,1,0.0,44.333333333333336,123.0,-88.0,-96.33333333333333,-9.0,-28.666666666666668,9.0,-85.33333333333333,-76.33333333333333,46.333333333333336,58.0,48.333333333333336,-74.66666666666667,16.666666666666668,-8.333333333333334,0.0,0.0,0.0,1.3333333333333333,2.6666666666666665,-1.3333333333333333,3.0,-0.3333333333333333,
1,WNBA,MIN,MIN,WE,,6,0,0,,,,Minnesota Lynx,770,1831,449,592,204,571,258,612,870,495,690,237,497,63,2193,755,1758,514,702,164,481,300,677,977,472,707,275,547,130,2188,0,0,0,0,0,0,15,17,32,8,8,7,9,5,16,6425,116638,Target Center,0.0,0.0,1,15,73,-65,-110,40,90,-42,-65,-107,23,-17,-38,-50,-67,5,0,0,0,-2,0,-2,-11,0.0,15.0,73.0,-65.0,-110.0,40.0,90.0,-42.0,-65.0,-107.0,23.0,-17.0,-38.0,-50.0,-67.0,5.0,0.0,0.0,0.0,-2.0,0.0,-2.0,-11.0,0.0,0.0
2,WNBA,MIN,MIN,WE,,6,0,0,,,,Minnesota Lynx,671,1810,559,727,176,552,308,693,1001,437,695,210,507,127,2077,752,1927,499,624,153,472,328,688,1016,511,719,259,470,126,2156,0,0,0,0,0,0,12,20,32,6,10,6,10,9,12,6475,120607,Target Center,0.0,0.0,0,-81,-117,60,103,23,80,-20,5,-15,-74,-24,-49,37,1,-79,0,0,0,-8,-4,-4,-3,0.0,-49.0,-53.666666666666664,18.333333333333332,32.0,28.666666666666668,83.33333333333333,-27.333333333333332,-18.333333333333332,-45.666666666666664,-41.666666666666664,-21.666666666666668,-45.333333333333336,8.0,-21.666666666666668,-51.0,0.0,0.0,0.0,-6.0,-2.6666666666666665,-3.3333333333333335,-5.666666666666667,0.0,0.0
3,WNBA,MIN,MIN,WE,,8,0,0,,,,Minnesota Lynx,727,1775,383,578,166,500,309,650,959,466,617,226,529,102,2003,747,1807,469,613,141,389,302,612,914,495,618,273,465,117,2104,0,0,0,0,0,0,10,22,32,7,9,3,13,6,15,6475,139874,Target Center,0.0,0.0,0,-20,-32,-86,-35,25,111,7,38,45,-29,-1,-47,64,-15,-101,0,0,0,-12,-2,-10,-9,0.0,-40.333333333333336,-60.333333333333336,-37.333333333333336,11.0,24.333333333333332,100.66666666666667,-2.0,27.0,25.0,-44.0,-8.666666666666666,-47.666666666666664,55.0,-9.666666666666666,-93.66666666666667,0.0,0.0,0.0,-10.666666666666666,-2.6666666666666665,-8.0,-7.0,0.0,1.0
4,WNBA,MIN,MIN,WE,,4,1,0,L,,,Minnesota Lynx,875,1978,450,624,180,524,361,718,1079,580,634,242,558,101,2380,878,2067,473,633,141,446,337,652,989,528,666,271,471,126,2370,0,0,0,0,0,0,18,16,34,11,6,7,10,14,10,6850,120253,Target Center,1.0,2.0,0,-3,-89,-23,-9,39,78,24,66,90,52,-32,-29,87,-25,10,0,0,0,2,5,-3,4,-1.0,-8.666666666666666,-70.0,-44.0,-17.666666666666668,34.333333333333336,89.0,18.333333333333332,56.666666666666664,75.0,25.0,-21.666666666666668,-35.0,79.33333333333333,-21.666666666666668,-27.0,0.0,0.0,0.0,-2.6666666666666665,2.6666666666666665,-5.333333333333333,-0.3333333333333333,-0.6666666666666666,1.0
5,WNBA,MIN,MIN,WE,,3,1,0,L,,,Minnesota Lynx,767,1900,454,640,177,542,332,724,1056,526,660,257,613,139,2165,804,1972,490,669,92,330,323,713,1036,508,676,333,502,133,2190,0,0,0,0,0,0,18,16,34,11,6,7,10,12,10,6850,125097,Target Center,0.0,2.0,2,-37,-72,-36,-29,85,212,9,11,20,18,-16,-76,111,6,-25,0,0,0,2,5,-3,2,-2.0,-25.666666666666668,-77.66666666666667,-31.666666666666668,-22.333333333333332,69.66666666666667,167.33333333333334,14.0,29.333333333333332,43.333333333333336,29.333333333333332,-21.333333333333332,-60.333333333333336,103.0,-4.333333333333333,-13.333333333333334,0.0,0.0,0.0,2.0,5.0,-3.0,2.6666666666666665,-1.6666666666666667,0.0
6,WNBA,MIN,MIN,WE,,6,0,0,,,,Minnesota Lynx,801,1946,437,601,172,492,310,715,1025,531,624,258,536,127,2211,862,2019,435,592,129,376,344,711,1055,537,665,275,487,144,2288,0,0,0,0,0,0,14,20,34,11,6,3,14,9,13,6850,113447,Target Center,0.0,0.0,0,-61,-73,2,9,43,116,-34,4,-30,-6,-41,-17,49,-17,-77,0,0,0,-6,5,-11,-4,0.0,-53.0,-72.66666666666667,-10.666666666666666,-3.6666666666666665,57.0,148.0,-19.666666666666668,6.333333333333333,-13.333333333333334,2.0,-32.666666666666664,-36.666666666666664,69.66666666666667,-9.333333333333334,-59.666666666666664,0.0,0.0,0.0,-3.3333333333333335,5.0,-8.333333333333334,-2.0,-0.6666666666666666,0.0
7,WNBA,MIN,MIN,WE,,7,0,0,,,,Minnesota Lynx,945,2211,485,681,148,419,340,804,1144,491,654,193,530,113,2523,1004,2314,548,719,179,542,372,832,1204,625,633,308,438,124,2735,0,0,0,0,0,0,10,24,34,8,9,2,15,6,14,6825,109522,Target Center,0.0,0.0,1,-59,-103,-63,-38,-31,-123,-32,-28,-60,-134,21,-115,92,-11,-212,0,0,0,-14,-1,-13,-8,0.0,-59.666666666666664,-93.0,-41.333333333333336,-22.333333333333332,-6.333333333333333,-43.333333333333336,-32.666666666666664,-17.333333333333332,-50.0,-91.33333333333333,0.3333333333333333,-82.33333333333333,77.66666666666667,-13.0,-167.0,0.0,0.0,0.0,-11.333333333333334,1.0,-12.333333333333334,-6.666666666666667,0.0,0.0
8,WNBA,MIN,MIN,WE,,6,0,0,,,,Minnesota Lynx,971,2355,531,674,163,496,397,785,1182,596,713,238,561,95,2636,988,2195,614,785,162,461,318,800,1118,565,645,279,529,147,2752,0,0,0,0,0,0,10,24,34,7,10,3,14,8,14,6875,121019,Target Center,0.0,0.0,0,-17,160,-83,-111,1,35,79,-15,64,31,68,-41,32,-52,-116,0,0,0,-14,-3,-11,-6,0.0,-31.0,72.33333333333333,-76.33333333333333,-86.66666666666667,-9.666666666666666,-17.666666666666668,42.0,-19.333333333333332,22.666666666666668,-24.0,52.333333333333336,-65.66666666666667,52.0,-38.333333333333336,-148.0,0.0,0.0,0.0,-14.0,-2.3333333333333335,-11.666666666666666,-6.666666666666667,0.0,0.0
9,WNBA,MIN,MIN,WE,,7,0,0,,,,Minnesota Lynx,991,2303,652,864,133,413,353,792,1145,557,751,309,472,131,2767,974,2220,612,809,161,486,350,862,1212,587,748,248,579,140,2721,0,0,0,0,0,0,16,18,34,9,8,7,10,8,12,6900,118463,Target Center,0.0,0.0,1,17,83,40,55,-28,-73,3,-70,-67,-30,3,61,-107,-9,46,0,0,0,-2,1,-3,-4,0.0,5.666666666666667,108.66666666666667,-1.0,-0.3333333333333333,-18.333333333333332,-37.0,28.333333333333332,-51.666666666666664,-23.333333333333332,-9.666666666666666,24.666666666666668,27.0,-60.666666666666664,-23.333333333333332,-8.0,0.0,0.0,0.0,-6.0,-0.3333333333333333,-5.666666666666667,-4.666666666666667,0.0,0.0
10,WNBA,MIN,MIN,WE,,5,0,0,,,,Minnesota Lynx,949,2257,591,766,242,695,325,762,1087,509,693,301,513,128,2731,1041,2260,550,711,195,510,317,848,1165,589,694,250,543,140,2827,0,0,0,0,0,0,14,20,34,9,8,5,12,7,13,6875,128127,Target Center,0.0,0.0,0,-92,-3,41,55,47,185,8,-86,-78,-80,-1,51,-30,-12,-96,0,0,0,-6,1,-7,-6,0.0,-55.666666666666664,25.666666666666668,40.666666666666664,55.0,22.0,99.0,6.333333333333333,-80.66666666666667,-74.33333333333333,-63.333333333333336,0.3333333333333333,54.333333333333336,-55.666666666666664,-11.0,-48.666666666666664,0.0,0.0,0.0,-4.666666666666667,1.0,-5.666666666666667,-5.333333333333333,0.0,
1,WNBA,NYL,NYL,EA,,1,1,0,W,W,L,New York Liberty,792,1815,429,567,135,396,288,652,940,477,617,246,474,102,2148,741,1822,437,590,116,420,320,647,967,462,645,223,479,94,2035,0,0,0,0,0,0,20,12,32,12,4,8,8,14,7,6425,231962,Madison Square Garden (IV),4.0,3.0,1,51,-7,-8,-23,19,-24,-32,5,-27,15,-28,23,-5,8,113,0,0,0,8,8,0,7,1.0,51.0,-7.0,-8.0,-23.0,19.0,-24.0,-32.0,5.0,-27.0,15.0,-28.0,23.0,-5.0,8.0,113.0,0.0,0.0,0.0,8.0,8.0,0.0,7.0,1.0,1.0
2,WNBA,NYL,NYL,EA,,2,1,0,W,L,,New York Liberty,833,1828,336,500,160,421,255,660,915,553,616,265,437,82,2162,744,1759,461,640,133,394,304,679,983,430,600,223,496,76,2082,0,0,0,0,0,0,21,11,32,13,3,8,8,13,8,6400,250565,Madison Square Garden (IV),3.0,3.0,1,89,69,-125,-140,27,27,-49,-19,-68,123,16,42,-59,6,80,0,0,0,10,10,0,5,0.0,76.33333333333333,43.666666666666664,-86.0,-101.0,24.333333333333332,10.0,-43.333333333333336,-11.0,-54.333333333333336,87.0,1.3333333333333333,35.666666666666664,-41.0,6.666666666666667,91.0,0.0,0.0,0.0,9.333333333333334,9.333333333333334,0.0,5.666666666666667,0.3333333333333333,1.0
3,WNBA,NYL,NYL,EA,,1,1,0,W,W,L,New York Liberty,772,1740,400,567,145,400,260,610,870,496,638,261,458,100,2089,691,1733,484,645,149,434,312,649,961,410,597,228,478,88,2015,0,0,0,0,0,0,18,14,32,10,6,8,8,11,10,6450,234717,Madison Square Garden (IV),4.0,4.0,0,81,7,-84,-78,-4,-34,-52,-39,-91,86,41,33,-20,12,74,0,0,0,4,4,0,1,0.0,83.66666666666667,27.666666666666668,-97.66666666666667,-98.66666666666667,6.333333333333333,-13.666666666666666,-51.0,-32.333333333333336,-83.33333333333333,98.33333333333333,32.666666666666664,36.0,-33.0,10.0,76.0,0.0,0.0,0.0,6.0,6.0,0.0,2.3333333333333335,0.0,0.0
4,WNBA,NYL,NYL,EA,,6,0,0,,,,New York Liberty,825,1923,412,537,181,500,271,686,957,527,587,262,470,128,2243,821,1959,459,581,155,467,326,736,1062,506,614,269,480,96,2256,0,0,0,0,0,0,16,18,34,11,6,5,12,11,13,6850,212346,Madison Square Garden (IV),0.0,0.0,0,4,-36,-47,-44,26,33,-55,-50,-105,21,-27,-7,-10,32,-13,0,0,0,-2,5,-7,-2,0.0,29.666666666666668,-21.666666666666668,-59.333333333333336,-55.333333333333336,16.0,10.666666666666666,-54.0,-46.333333333333336,-100.33333333333333,42.666666666666664,-4.333333333333333,6.333333333333333,-13.333333333333334,25.333333333333332,16.0,0.0,0.0,0.0,0.0,4.666666666666667,-4.666666666666667,-1.0,0.0,1.0
5,WNBA,NYL,NYL,EA,,2,1,0,W,L,,New York Liberty,819,1932,398,531,216,617,263,741,1004,539,587,209,506,124,2252,867,2096,431,579,132,416,371,730,1101,517,589,288,430,123,2297,0,0,0,0,0,0,18,16,34,11,6,7,10,10,10,6900,168062,Madison Square Garden (IV),2.0,3.0,0,-48,-164,-33,-48,84,201,-108,11,-97,22,-2,-79,76,1,-45,0,0,0,2,5,-3,0,-1.0,-30.666666666666668,-121.33333333333333,-37.666666666666664,-46.666666666666664,64.66666666666667,145.0,-90.33333333333333,-9.333333333333334,-99.66666666666667,21.666666666666668,-10.333333333333334,-55.0,47.333333333333336,11.333333333333334,-34.333333333333336,0.0,0.0,0.0,0.6666666666666666,5.0,-4.333333333333333,-0.6666666666666666,-0.6666666666666666,1.0
6,WNBA,NYL,NYL,EA,,3,1,0,L,,,New York Liberty,828,1860,452,552,208,605,242,732,974,498,613,214,462,112,2316,859,2012,442,608,125,398,345,685,1030,473,590,275,411,86,2285,0,0,0,0,0,0,18,16,34,10,7,8,9,9,11,6925,172381,Madison Square Garden (IV),0.0,2.0,0,-31,-152,10,-56,83,207,-103,47,-56,25,23,-61,51,26,31,0,0,0,2,3,-1,-2,-2.0,-36.666666666666664,-156.0,-4.333333333333333,-53.333333333333336,83.33333333333333,205.0,-104.66666666666667,35.0,-69.66666666666667,24.0,14.666666666666666,-67.0,59.333333333333336,17.666666666666668,5.666666666666667,0.0,0.0,0.0,2.0,3.6666666666666665,-1.6666666666666667,-1.3333333333333333,-1.6666666666666667,0.0
7,WNBA,NYL,NYL,EA,,5,0,0,,,,New York Liberty,822,2069,512,650,216,645,285,736,1021,475,674,252,576,112,2372,966,2153,553,722,171,461,341,832,1173,508,668,270,485,134,2656,0,0,0,0,0,0,11,23,34,7,10,4,13,7,13,6875,155048,Madison Square Garden (IV),0.0,0.0,0,-144,-84,-41,-72,45,184,-56,-96,-152,-33,6,-18,91,-22,-284,0,0,0,-12,-3,-9,-6,0.0,-106.33333333333333,-106.66666666666667,-24.0,-66.66666666666667,57.666666666666664,191.66666666666666,-71.66666666666667,-48.333333333333336,-120.0,-13.666666666666666,11.666666666666666,-32.333333333333336,77.66666666666667,-6.0,-179.0,0.0,0.0,0.0,-7.333333333333333,-1.0,-6.333333333333333,-4.666666666666667,-0.6666666666666666,1.0
8,WNBA,NYL,NYL,EA,,4,1,0,L,,,New York Liberty,870,2087,430,580,243,653,287,788,1075,500,618,289,612,109,2413,920,2223,471,619,190,589,378,837,1215,509,608,321,562,115,2501,0,0,0,0,0,0,16,18,34,10,7,6,11,10,10,6850,147866,Madison Square Garden (IV),1.0,2.0,1,-50,-136,-41,-39,53,64,-91,-49,-140,-9,10,-32,50,-6,-88,0,0,0,-2,3,-5,0,-1.0,-81.33333333333333,-118.66666666666667,-41.0,-50.0,50.333333333333336,104.0,-79.33333333333333,-64.66666666666667,-144.0,-17.0,8.666666666666666,-27.333333333333332,63.666666666666664,-11.333333333333334,-153.33333333333334,0.0,0.0,0.0,-5.333333333333333,1.0,-6.333333333333333,-2.0,-0.6666666666666666,1.0
9,WNBA,NYL,NYL,EA,,3,1,0,W,L,,New York Liberty,912,2168,490,653,259,706,327,778,1105,551,655,290,547,117,2573,924,2163,516,674,174,485,352,823,1175,496,625,285,559,109,2538,0,0,0,0,0,0,19,15,34,11,6,8,9,11,9,6900,153772,Madison Square Garden (IV),3.0,3.0,0,-12,5,-26,-21,85,221,-25,-45,-70,55,30,5,-12,8,35,0,0,0,4,5,-1,2,0.0,-24.666666666666668,-42.0,-31.0,-27.0,74.33333333333333,168.66666666666666,-47.0,-46.333333333333336,-93.33333333333333,33.666666666666664,23.333333333333332,-7.333333333333333,8.666666666666666,3.3333333333333335,-6.0,0.0,0.0,0.0,2.0,4.333333333333333,-2.3333333333333335,1.3333333333333333,-0.3333333333333333,0.0
10,WNBA,NYL,NYL,EA,,7,0,0,,,,New York Liberty,900,2168,458,582,254,710,280,802,1082,526,637,276,543,121,2512,906,2157,531,673,192,554,333,869,1202,482,590,269,548,124,2535,0,0,0,0,0,0,13,21,34,8,9,5,12,9,13,6900,166604,Madison Square Garden (IV),0.0,0.0,0,-6,11,-73,-91,62,156,-53,-67,-120,44,47,7,-5,-3,-23,0,0,0,-8,-1,-7,-4,0.0,-8.0,9.0,-57.333333333333336,-67.66666666666667,69.66666666666667,177.66666666666666,-43.666666666666664,-59.666666666666664,-103.33333333333333,47.666666666666664,41.333333333333336,6.333333333333333,-7.333333333333333,0.6666666666666666,-3.6666666666666665,0.0,0.0,0.0,-4.0,1.0,-5.0,-2.0,0.0,
1,WNBA,ORL,CON,EA,,3,1,0,L,,,Orlando Miracle,833,1911,397,546,145,424,319,606,925,473,583,255,486,130,2208,851,1964,378,495,153,450,348,669,1017,536,637,264,500,108,2233,0,0,0,0,0,0,16,16,32,11,5,5,11,13,8,6500,117810,Amway Arena,1.0,2.0,0,-18,-53,19,51,-8,-26,-29,-63,-92,-63,-54,-9,-14,22,-25,0,0,0,0,6,-6,5,-1.0,-18.0,-53.0,19.0,51.0,-8.0,-26.0,-29.0,-63.0,-92.0,-63.0,-54.0,-9.0,-14.0,22.0,-25.0,0.0,0.0,0.0,0.0,6.0,-6.0,5.0,-1.0,0.0
2,WNBA,ORL,CON,EA,,5,0,0,,,,Orlando Miracle,768,1914,430,587,174,532,356,614,970,452,643,320,532,125,2140,806,1831,436,605,157,438,316,659,975,534,600,298,546,114,2205,0,0,0,0,0,0,13,19,32,10,6,3,13,9,12,6450,118874,Amway Arena,0.0,0.0,0,-38,83,-6,-18,17,94,40,-45,-5,-82,43,22,-14,11,-65,0,0,0,-6,4,-10,-3,0.0,-31.333333333333332,37.666666666666664,2.3333333333333335,5.0,8.666666666666666,54.0,17.0,-51.0,-34.0,-75.66666666666667,10.666666666666666,11.666666666666666,-14.0,14.666666666666666,-51.666666666666664,0.0,0.0,0.0,-4.0,4.666666666666667,-8.666666666666666,-0.3333333333333333,-0.3333333333333333,0.0
3,WNBA,ORL,CON,EA,,5,0,0,,,,Orlando Miracle,808,1914,493,646,145,461,320,595,915,446,669,295,456,113,2254,804,1862,491,668,156,422,362,684,1046,519,637,251,541,108,2255,0,0,0,0,0,0,16,16,32,10,6,6,10,13,8,6525,113837,Amway Arena,0.0,0.0,0,4,52,2,-22,-11,39,-42,-89,-131,-73,32,44,-85,5,-1,0,0,0,0,4,-4,5,0.0,-10.0,62.333333333333336,-0.6666666666666666,-20.666666666666668,-1.6666666666666667,57.333333333333336,-14.666666666666666,-74.33333333333333,-89.0,-76.0,35.666666666666664,36.666666666666664,-61.333333333333336,7.0,-22.333333333333332,0.0,0.0,0.0,-2.0,4.0,-6.0,2.3333333333333335,0.0,
1,WNBA,PHO,PHO,WE,,4,1,0,L,,,Phoenix Mercury,803,1800,513,661,124,394,275,619,894,465,630,285,429,91,2243,773,1828,421,574,135,416,334,635,969,486,699,224,531,91,2102,0,0,0,0,0,0,20,12,32,11,5,9,7,11,10,6425,161075,US Airways Center,0.0,2.0,0,30,-28,92,87,-11,-22,-59,-16,-75,-21,-69,61,-102,0,141,0,0,0,8,6,2,1,-2.0,30.0,-28.0,92.0,87.0,-11.0,-22.0,-59.0,-16.0,-75.0,-21.0,-69.0,61.0,-102.0,0.0,141.0,0.0,0.0,0.0,8.0,6.0,2.0,1.0,-2.0,0.0
2,WNBA,PHO,PHO,WE,,5,0,0,,,,Phoenix Mercury,767,1894,429,587,101,313,300,642,942,514,625,292,519,138,2064,785,1892,462,584,137,391,333,698,1031,524,603,283,517,127,2169,0,0,0,0,0,0,13,19,32,10,6,3,13,8,13,6450,136979,US Airways Center,0.0,0.0,0,-18,2,-33,3,-36,-78,-33,-56,-89,-10,22,9,2,11,-105,0,0,0,-6,4,-10,-5,0.0,-2.0,-8.0,8.666666666666666,31.0,-27.666666666666668,-59.333333333333336,-41.666666666666664,-42.666666666666664,-84.33333333333333,-13.666666666666666,-8.333333333333334,26.333333333333332,-32.666666666666664,7.333333333333333,-23.0,0.0,0.0,0.0,-1.3333333333333333,4.666666666666667,-6.0,-3.0,-0.6666666666666666,0.0
3,WNBA,PHO,PHO,WE,,7,0,0,,,,Phoenix Mercury,793,1889,405,538,100,328,292,626,918,427,623,267,501,94,2091,850,1870,436,608,155,388,309,692,1001,532,600,268,491,127,2291,0,0,0,0,0,0,11,21,32,10,6,1,15,7,14,6400,139798,US Airways Center,0.0,0.0,1,-57,19,-31,-70,-55,-60,-17,-66,-83,-105,23,-1,10,-33,-200,0,0,0,-10,4,-14,-7,0.0,-44.0,13.333333333333334,-31.666666666666668,-45.666666666666664,-48.666666666666664,-66.0,-22.333333333333332,-62.666666666666664,-85.0,-73.33333333333333,22.666666666666668,2.3333333333333335,7.333333333333333,-18.333333333333332,-168.33333333333334,0.0,0.0,0.0,-8.666666666666666,4.0,-12.666666666666666,-6.333333333333333,0.0,0.0
4,WNBA,PHO,PHO,WE,,7,0,0,,,,Phoenix Mercury,801,2095,379,556,116,349,357,643,1000,461,664,310,479,111,2097,834,1867,466,626,136,371,303,811,1114,509,667,275,610,146,2270,0,0,0,0,0,0,8,26,34,6,11,2,15,5,19,6925,144511,US Airways Center,0.0,0.0,0,-33,228,-87,-70,-20,-22,54,-168,-114,-48,-3,35,-131,-35,-173,0,0,0,-18,-5,-13,-14,0.0,-41.0,158.33333333333334,-68.33333333333333,-70.0,-31.666666666666668,-34.666666666666664,30.333333333333332,-134.0,-103.66666666666667,-67.0,5.666666666666667,23.0,-84.0,-34.333333333333336,-182.0,0.0,0.0,0.0,-15.333333333333334,-2.0,-13.333333333333334,-11.666666666666666,0.0,0.0
5,WNBA,PHO,PHO,WE,,5,0,0,,,,Phoenix Mercury,826,1922,456,598,192,519,264,652,916,501,748,282,464,137,2300,784,1845,534,724,133,348,309,711,1020,456,660,226,536,137,2235,0,0,0,0,0,0,17,17,34,10,7,7,10,11,11,6825,136295,US Airways Center,0.0,0.0,1,42,77,-78,-126,59,171,-45,-59,-104,45,88,56,-72,0,65,0,0,0,0,3,-3,0,0.0,17.0,127.33333333333333,-81.0,-107.33333333333333,32.666666666666664,106.66666666666667,-12.0,-95.33333333333333,-107.33333333333333,14.0,57.666666666666664,49.0,-91.66666666666667,-11.666666666666666,-14.333333333333334,0.0,0.0,0.0,-6.0,0.3333333333333333,-6.333333333333333,-4.666666666666667,0.0,0.0
6,WNBA,PHO,PHO,WE,,5,0,0,,,,Phoenix Mercury,826,1994,531,693,178,539,342,720,1062,549,697,243,517,179,2361,855,1993,523,720,121,332,319,705,1024,470,672,265,483,112,2354,0,0,0,0,0,0,16,18,34,11,6,5,12,12,10,6800,124146,US Airways Center,0.0,0.0,0,-29,1,8,-27,57,207,23,15,38,79,25,-22,34,67,7,0,0,0,-2,5,-7,2,0.0,-5.333333333333333,26.333333333333332,-20.666666666666668,-60.0,57.666666666666664,195.0,0.3333333333333333,-9.666666666666666,-9.333333333333334,67.66666666666667,46.0,4.0,-1.3333333333333333,44.666666666666664,26.333333333333332,0.0,0.0,0.0,-1.3333333333333333,4.333333333333333,-5.666666666666667,1.3333333333333333,0.0,0.0
7,WNBA,PHO,PHO,WE,,5,0,0,,,,Phoenix Mercury,1079,2434,537,684,265,722,334,811,1145,640,741,275,442,127,2960,1023,2360,630,852,203,618,408,875,1283,578,669,231,537,126,2879,0,0,0,0,0,0,18,16,34,10,7,8,9,8,12,6900,126801,US Airways Center,0.0,0.0,1,56,74,-93,-168,62,104,-74,-64,-138,62,72,44,-95,1,81,0,0,0,2,3,-1,-4,0.0,27.666666666666668,49.666666666666664,-59.333333333333336,-121.0,60.333333333333336,138.33333333333334,-41.666666666666664,-37.666666666666664,-79.33333333333333,67.66666666666667,56.333333333333336,22.0,-52.0,23.0,56.333333333333336,0.0,0.0,0.0,0.6666666666666666,3.6666666666666665,-3.0,-2.0,0.0,1.0
8,WNBA,PHO,PHO,WE,,1,1,0,W,W,W,Phoenix Mercury,1063,2419,616,754,283,802,279,873,1152,683,658,285,486,159,3025,1022,2526,570,716,290,762,445,945,1390,628,684,244,595,109,2904,0,0,0,0,0,0,23,11,34,12,5,11,6,17,5,6850,131524,US Airways Center,7.0,2.0,1,41,-107,46,38,-7,40,-166,-72,-238,55,-26,41,-109,50,121,0,0,0,12,7,5,12,5.0,46.0,-46.666666666666664,-0.3333333333333333,-30.666666666666668,16.0,61.333333333333336,-135.33333333333334,-69.33333333333333,-204.66666666666666,57.333333333333336,6.666666666666667,42.0,-104.33333333333333,33.666666666666664,107.66666666666667,0.0,0.0,0.0,8.666666666666666,5.666666666666667,3.0,6.666666666666667,3.3333333333333335,0.0
9,WNBA,PHO,PHO,WE,,6,0,0,,,,Phoenix Mercury,1069,2485,642,773,230,701,375,851,1226,560,794,232,489,156,3010,1036,2460,694,932,243,695,440,858,1298,650,717,234,500,129,3009,0,0,0,0,0,0,16,18,34,10,7,6,11,8,12,6825,144867,US Airways Center,0.0,0.0,0,33,25,-52,-159,-13,6,-65,-7,-72,-90,77,-2,-11,27,1,0,0,0,-2,3,-5,-4,0.0,35.666666666666664,-19.0,-19.333333333333332,-93.33333333333333,-11.0,17.333333333333332,-98.66666666666667,-28.666666666666668,-127.33333333333333,-41.666666666666664,42.666666666666664,12.333333333333334,-43.666666666666664,34.666666666666664,41.0,0.0,0.0,0.0,2.6666666666666665,4.333333333333333,-1.6666666666666667,1.3333333333333333,1.6666666666666667,1.0
10,WNBA,PHO,PHO,WE,,1,1,0,W,W,W,Phoenix Mercury,1128,2454,643,752,257,665,284,906,1190,625,740,225,500,181,3156,1094,2582,638,851,205,608,421,864,1285,607,671,260,460,143,3031,0,0,0,0,0,0,23,11,34,12,5,11,6,13,7,6900,144884,US Airways Center,7.0,4.0,3,34,-128,5,-99,52,57,-137,42,-95,18,69,-35,40,38,125,0,0,0,12,7,5,6,3.0,33.666666666666664,-77.0,-14.0,-119.0,30.333333333333332,40.0,-113.0,25.666666666666668,-87.33333333333333,-18.0,71.66666666666667,-24.0,23.0,34.333333333333336,83.66666666666667,0.0,0.0,0.0,7.333333333333333,5.666666666666667,1.6666666666666667,2.6666666666666665,2.0,
1,WNBA,POR,POR,WE,,7,0,0,,,,Portland Fire,761,1828,488,697,145,433,309,627,936,480,761,265,593,93,2155,788,1847,577,766,150,447,307,646,953,487,729,277,531,130,2303,0,0,0,0,0,0,10,22,32,6,10,4,12,4,17,6525,133076,Rose Garden Arena,0.0,0.0,0,-27,-19,-89,-69,-5,-14,2,-19,-17,-7,32,-12,62,-37,-148,0,0,0,-12,-4,-8,-13,0.0,-27.0,-19.0,-89.0,-69.0,-5.0,-14.0,2.0,-19.0,-17.0,-7.0,32.0,-12.0,62.0,-37.0,-148.0,0.0,0.0,0.0,-12.0,-4.0,-8.0,-13.0,0.0,0.0
2,WNBA,POR,POR,WE,,7,0,0,,,,Portland Fire,733,1891,450,612,172,519,300,696,996,451,633,244,500,106,2088,791,1944,461,656,159,410,343,763,1106,501,643,293,474,144,2202,0,0,0,0,0,0,11,21,32,6,10,5,11,5,16,6525,137656,Rose Garden Arena,0.0,0.0,1,-58,-53,-11,-44,13,109,-43,-67,-110,-50,-10,-49,26,-38,-114,0,0,0,-10,-4,-6,-11,0.0,-47.666666666666664,-41.666666666666664,-37.0,-52.333333333333336,7.0,68.0,-28.0,-51.0,-79.0,-35.666666666666664,4.0,-36.666666666666664,38.0,-37.666666666666664,-125.33333333333333,0.0,0.0,0.0,-10.666666666666666,-4.0,-6.666666666666667,-11.666666666666666,0.0,0.0
3,WNBA,POR,POR,WE,,5,0,0,,,,Portland Fire,829,1951,410,564,127,391,307,641,948,492,623,239,493,120,2195,819,1885,463,647,126,348,334,678,1012,486,616,272,508,139,2227,0,0,0,0,0,0,16,16,32,9,7,7,9,8,13,6475,128656,Rose Garden Arena,0.0,0.0,0,10,66,-53,-83,1,43,-27,-37,-64,6,7,-33,-15,-19,-32,0,0,0,0,2,-2,-5,0.0,-12.666666666666666,26.333333333333332,-39.0,-70.0,5.0,65.0,-32.333333333333336,-47.0,-79.33333333333333,-12.666666666666666,1.3333333333333333,-38.333333333333336,-1.3333333333333333,-25.333333333333332,-59.333333333333336,0.0,0.0,0.0,-3.3333333333333335,0.0,-3.3333333333333335,-7.0,0.0,
1,WNBA,SAC,SAC,WE,,3,1,0,L,,,Sacramento Monarchs,876,1993,449,650,142,459,388,650,1038,567,571,332,458,157,2343,811,1918,410,544,144,418,320,631,951,503,600,226,524,116,2176,0,0,0,0,0,0,21,11,32,13,3,8,8,13,8,6400,126841,ARCO Arena (II),0.0,2.0,0,65,75,39,106,-2,41,68,19,87,64,-29,106,-66,41,167,0,0,0,10,10,0,5,-2.0,65.0,75.0,39.0,106.0,-2.0,41.0,68.0,19.0,87.0,64.0,-29.0,106.0,-66.0,41.0,167.0,0.0,0.0,0.0,10.0,10.0,0.0,5.0,-2.0,1.0
2,WNBA,SAC,SAC,WE,,2,1,0,W,L,,Sacramento Monarchs,837,1974,457,618,163,423,374,723,1097,558,588,276,494,158,2294,804,2003,415,578,116,400,343,662,1005,496,616,261,481,143,2139,0,0,0,0,0,0,20,12,32,12,4,8,8,13,8,6525,133603,ARCO Arena (II),3.0,2.0,0,33,-29,42,40,47,23,31,61,92,62,-28,15,13,15,155,0,0,0,8,8,0,5,1.0,43.666666666666664,5.666666666666667,41.0,62.0,30.666666666666668,29.0,43.333333333333336,47.0,90.33333333333333,62.666666666666664,-28.333333333333332,45.333333333333336,-13.333333333333334,23.666666666666668,159.0,0.0,0.0,0.0,8.666666666666666,8.666666666666666,0.0,5.0,0.0,0.0
3,WNBA,SAC,SAC,WE,,6,0,0,,,,Sacramento Monarchs,780,1945,494,653,112,395,301,648,949,500,675,247,456,109,2166,815,1944,515,681,149,453,352,723,1075,493,633,233,496,128,2294,0,0,0,0,0,0,14,18,32,10,6,4,12,8,13,6575,144179,ARCO Arena (II),0.0,0.0,0,-35,1,-21,-28,-37,-58,-51,-75,-126,7,42,14,-40,-19,-128,0,0,0,-4,4,-8,-5,0.0,-12.333333333333334,-9.0,0.0,-5.333333333333333,-9.0,-31.0,-23.666666666666668,-29.666666666666668,-53.333333333333336,25.333333333333332,18.666666666666668,14.333333333333334,-22.333333333333332,-7.666666666666667,-33.666666666666664,0.0,0.0,0.0,0.0,5.333333333333333,-5.333333333333333,-1.6666666666666667,0.3333333333333333,1.0
4,WNBA,SAC,SAC,WE,,3,1,0,W,L,,Sacramento Monarchs,862,2107,425,626,150,473,349,718,1067,568,641,297,461,122,2299,816,1991,435,597,149,467,345,751,1096,516,640,224,576,141,2216,0,0,0,0,0,0,19,15,34,12,5,7,10,13,11,6825,155578,ARCO Arena (II),3.0,3.0,1,46,116,-10,29,1,6,4,-33,-29,52,1,73,-115,-19,83,0,0,0,4,7,-3,2,0.0,19.0,77.66666666666667,-13.666666666666666,10.0,-11.666666666666666,-15.333333333333334,-14.333333333333334,-47.0,-61.333333333333336,37.0,14.666666666666666,53.333333333333336,-90.0,-19.0,12.666666666666666,0.0,0.0,0.0,1.3333333333333333,6.0,-4.666666666666667,-0.3333333333333333,0.0,1.0
5,WNBA,SAC,SAC,WE,,4,1,0,W,L,,Sacramento Monarchs,874,2072,435,604,129,365,389,635,1024,519,641,314,485,118,2312,803,1872,474,631,161,458,310,676,986,513,646,241,593,117,2241,0,0,0,0,0,0,18,16,34,10,7,8,9,12,10,6900,147544,ARCO Arena (II),3.0,3.0,0,71,200,-39,-27,-32,-93,79,-41,38,6,-5,73,-108,1,71,0,0,0,2,3,-1,2,0.0,62.666666666666664,172.0,-29.333333333333332,-8.333333333333334,-21.0,-60.0,54.0,-38.333333333333336,15.666666666666666,21.333333333333332,-3.0,73.0,-110.33333333333333,-5.666666666666667,75.0,0.0,0.0,0.0,2.6666666666666665,4.333333333333333,-1.6666666666666667,2.0,0.0,1.0
6,WNBA,SAC,SAC,WE,,1,1,0,W,W,W,Sacramento Monarchs,853,1986,494,721,129,360,369,674,1043,527,684,304,500,108,2329,751,1823,478,653,113,376,273,694,967,463,723,235,622,132,2093,0,0,0,0,0,0,25,9,34,15,2,10,7,17,5,6800,145213,ARCO Arena (II),7.0,1.0,2,102,163,16,68,16,-16,96,-20,76,64,-39,69,-122,-24,236,0,0,0,16,13,3,12,6.0,91.66666666666667,175.33333333333334,-2.3333333333333335,36.333333333333336,0.0,-41.666666666666664,90.33333333333333,-27.0,63.333333333333336,44.666666666666664,-27.666666666666668,70.33333333333333,-117.33333333333333,-15.666666666666666,181.0,0.0,0.0,0.0,11.333333333333334,9.666666666666666,1.6666666666666667,8.666666666666666,4.0,1.0
7,WNBA,SAC,SAC,WE,,2,1,0,W,W,L,Sacramento Monarchs,919,2190,542,741,157,461,418,720,1138,509,670,330,542,88,2537,872,2021,504,661,156,507,294,725,1019,507,687,244,633,143,2404,0,0,0,0,0,0,21,13,34,14,3,7,10,10,10,6875,147739,ARCO Arena (II),6.0,3.0,2,47,169,38,80,1,-46,124,-5,119,2,-17,86,-91,-55,133,0,0,0,8,11,-3,0,3.0,65.33333333333333,167.0,30.666666666666668,76.0,6.0,-36.0,114.66666666666667,-10.0,104.66666666666667,22.666666666666668,-24.333333333333332,80.33333333333333,-101.33333333333333,-44.666666666666664,167.33333333333334,0.0,0.0,0.0,10.666666666666666,11.666666666666666,-1.0,4.0,4.0,1.0
8,WNBA,SAC,SAC,WE,,3,1,0,L,,,Sacramento Monarchs,901,2214,572,745,153,429,452,723,1175,537,642,325,611,101,2527,891,2081,512,664,186,547,308,718,1026,542,689,274,649,141,2480,0,0,0,0,0,0,19,15,34,12,5,7,10,12,10,6950,142575,ARCO Arena (II),1.0,2.0,0,10,133,60,81,-33,-118,144,5,149,-5,-47,51,-38,-40,47,0,0,0,4,7,-3,2,-1.0,22.333333333333332,145.0,52.666666666666664,80.66666666666667,-21.666666666666668,-94.0,137.33333333333334,1.6666666666666667,139.0,-2.6666666666666665,-37.0,62.666666666666664,-55.666666666666664,-45.0,75.66666666666667,0.0,0.0,0.0,5.333333333333333,8.333333333333334,-3.0,1.3333333333333333,0.3333333333333333,1.0
9,WNBA,SAC,SAC,WE,,4,1,0,L,,,Sacramento Monarchs,883,2159,611,816,168,438,388,721,1109,473,690,319,586,77,2545,958,2128,469,622,186,542,308,767,1075,581,759,267,624,206,2571,0,0,0,0,0,0,18,16,34,13,4,5,12,9,11,6800,139066,ARCO Arena (II),1.0,2.0,0,-75,31,142,194,-18,-104,80,-46,34,-108,-69,52,-38,-129,-26,0,0,0,2,9,-7,-2,-1.0,-46.666666666666664,65.0,114.66666666666667,156.33333333333334,-23.0,-108.66666666666667,101.33333333333333,-29.0,72.33333333333333,-73.66666666666667,-61.666666666666664,51.666666666666664,-38.0,-99.33333333333333,-1.6666666666666667,0.0,0.0,0.0,2.6666666666666665,8.333333333333334,-5.666666666666667,-0.6666666666666666,-1.0,0.0
10,WNBA,SAC,SAC,WE,,6,0,0,,,,Sacramento Monarchs,946,2194,586,744,132,389,391,763,1154,540,645,289,584,98,2610,994,2221,479,586,223,604,326,702,1028,627,704,262,576,147,2690,0,0,0,0,0,0,12,22,34,7,10,5,12,6,14,6850,131654,ARCO Arena (II),0.0,0.0,1,-48,-27,107,158,-91,-215,65,61,126,-87,-59,27,8,-49,-80,0,0,0,-10,-3,-7,-8,0.0,-57.0,-7.666666666666667,118.66666666666667,170.0,-66.66666666666667,-178.0,70.0,25.333333333333332,95.33333333333333,-94.0,-62.333333333333336,35.333333333333336,-7.333333333333333,-75.66666666666667,-62.0,0.0,0.0,0.0,-6.0,1.0,-7.0,-6.0,-0.3333333333333333,
4,WNBA,SAS,SAS,WE,,6,0,0,,,,San Antonio Silver Stars,792,2068,538,736,93,315,350,795,1145,428,728,187,513,167,2215,867,2176,544,745,149,482,389,783,1172,530,669,275,424,140,2427,0,0,0,0,0,0,12,22,34,9,8,3,14,10,14,6825,176526,AT&T Center,0.0,0.0,0,-75,-108,-6,-9,-56,-167,-39,12,-27,-102,59,-88,89,27,-212,0,0,0,-10,1,-11,-4,0.0,-75.0,-108.0,-6.0,-9.0,-56.0,-167.0,-39.0,12.0,-27.0,-102.0,59.0,-88.0,89.0,27.0,-212.0,0.0,0.0,0.0,-10.0,1.0,-11.0,-4.0,0.0,0.0
5,WNBA,SAS,SAS,WE,,7,0,0,,,,San Antonio Silver Stars,812,1940,488,628,79,247,302,701,1003,493,628,272,513,106,2191,888,2003,416,564,172,469,324,710,1034,575,624,280,492,129,2364,0,0,0,0,0,0,9,25,34,6,11,3,14,6,16,6875,142717,AT&T Center,0.0,0.0,0,-76,-63,72,64,-93,-222,-22,-9,-31,-82,4,-8,21,-23,-173,0,0,0,-16,-5,-11,-10,0.0,-75.66666666666667,-78.0,46.0,39.666666666666664,-80.66666666666667,-203.66666666666666,-27.666666666666668,-2.0,-29.666666666666668,-88.66666666666667,22.333333333333332,-34.666666666666664,43.666666666666664,-6.333333333333333,-186.0,0.0,0.0,0.0,-14.0,-3.0,-11.0,-8.0,0.0,0.0
6,WNBA,SAS,SAS,WE,,7,0,0,,,,San Antonio Silver Stars,764,1833,503,652,110,339,256,690,946,433,650,195,535,90,2141,898,2059,463,611,142,408,351,704,1055,563,685,283,429,148,2401,0,0,0,0,0,0,7,27,34,5,12,2,15,3,19,6800,135054,AT&T Center,0.0,0.0,0,-134,-226,40,41,-32,-69,-95,-14,-109,-130,-35,-88,106,-58,-260,0,0,0,-20,-7,-13,-16,0.0,-114.66666666666667,-171.66666666666666,50.666666666666664,48.666666666666664,-52.333333333333336,-120.0,-70.66666666666667,-12.333333333333334,-83.0,-114.0,-22.0,-61.333333333333336,77.66666666666667,-46.333333333333336,-231.0,0.0,0.0,0.0,-18.666666666666668,-6.333333333333333,-12.333333333333334,-14.0,0.0,0.0
7,WNBA,SAS,SAS,WE,,6,0,0,,,,San Antonio Silver Stars,915,2255,504,672,189,556,354,814,1168,540,610,246,488,83,2523,974,2262,490,640,165,459,372,865,1237,560,641,254,480,129,2603,0,0,0,0,0,0,13,21,34,6,11,7,10,10,10,6800,125749,AT&T Center,0.0,0.0,0,-59,-7,14,32,24,97,-18,-51,-69,-20,-31,-8,8,-46,-80,0,0,0,-8,-5,-3,0,0.0,-84.0,-80.0,22.666666666666668,35.0,5.333333333333333,41.666666666666664,-43.666666666666664,-38.666666666666664,-82.33333333333333,-56.666666666666664,-32.333333333333336,-34.666666666666664,40.666666666666664,-50.0,-140.0,0.0,0.0,0.0,-12.0,-5.666666666666667,-6.333333333333333,-5.333333333333333,0.0,1.0
8,WNBA,SAS,SAS,WE,,2,1,0,W,L,,San Antonio Silver Stars,923,2176,464,577,207,566,323,764,1087,567,653,283,558,130,2517,904,2139,529,688,147,454,361,776,1137,516,619,257,583,137,2484,0,0,0,0,0,0,20,14,34,9,8,11,6,13,9,6875,128680,AT&T Center,2.0,3.0,1,19,37,-65,-111,60,112,-38,-12,-50,51,34,26,-25,-7,33,0,0,0,6,1,5,4,-1.0,-7.0,22.333333333333332,-38.666666666666664,-63.333333333333336,48.0,107.0,-31.333333333333332,-25.0,-56.333333333333336,27.333333333333332,12.333333333333334,14.666666666666666,-14.0,-20.0,-4.666666666666667,0.0,0.0,0.0,1.3333333333333333,-1.0,2.3333333333333335,2.6666666666666665,-0.6666666666666666,1.0
9,WNBA,SAS,SAS,WE,,1,1,0,W,W,L,San Antonio Silver Stars,901,2080,561,694,183,539,246,847,1093,601,602,272,525,150,2546,904,2271,471,634,139,483,389,817,1206,500,666,278,528,109,2418,0,0,0,0,0,0,24,10,34,15,2,9,8,10,10,6850,135722,AT&T Center,4.0,5.0,1,-3,-191,90,60,44,56,-143,30,-113,101,-64,-6,-3,41,128,0,0,0,14,13,1,0,-1.0,4.333333333333333,-115.0,38.333333333333336,3.0,49.333333333333336,74.66666666666667,-108.0,16.0,-92.0,84.33333333333333,-31.333333333333332,4.666666666666667,-10.333333333333334,25.0,96.33333333333333,0.0,0.0,0.0,11.333333333333334,9.0,2.3333333333333335,1.3333333333333333,-1.0,1.0
10,WNBA,SAS,SAS,WE,,4,1,0,L,,,San Antonio Silver Stars,936,2190,487,626,256,739,281,768,1049,598,596,257,509,116,2615,1000,2279,488,620,173,499,364,824,1188,529,643,268,502,120,2661,0,0,0,0,0,0,15,19,34,10,7,5,12,10,10,6950,127957,AT&T Center,1.0,2.0,0,-64,-89,-1,6,83,240,-83,-56,-139,69,-47,-11,7,-4,-46,0,0,0,-4,3,-7,0,-1.0,-43.666666666666664,-123.0,29.333333333333332,24.0,70.0,178.66666666666666,-103.0,-27.333333333333332,-130.33333333333334,79.66666666666667,-52.666666666666664,-9.333333333333334,3.6666666666666665,11.0,12.0,0.0,0.0,0.0,2.0,6.333333333333333,-4.333333333333333,0.0,-1.0,
1,WNBA,SEA,SEA,WE,,8,0,0,,,,Seattle Storm,667,1740,379,561,109,364,256,537,793,390,648,255,525,93,1822,778,1721,498,654,117,334,288,721,1009,506,618,284,529,123,2171,0,0,0,0,0,0,6,26,32,4,12,2,14,4,17,6475,142594,KeyArena at Seattle Center,0.0,0.0,0,-111,19,-119,-93,-8,30,-32,-184,-216,-116,30,-29,-4,-30,-349,0,0,0,-20,-8,-12,-13,0.0,-111.0,19.0,-119.0,-93.0,-8.0,30.0,-32.0,-184.0,-216.0,-116.0,30.0,-29.0,-4.0,-30.0,-349.0,0.0,0.0,0.0,-20.0,-8.0,-12.0,-13.0,0.0,0.0
2,WNBA,SEA,SEA,WE,,8,0,0,,,,Seattle Storm,689,1821,415,606,128,412,306,585,891,412,605,273,431,127,1921,753,1750,417,559,125,325,296,756,1052,492,588,228,519,127,2048,0,0,0,0,0,0,10,22,32,5,11,5,11,6,15,6550,95257,KeyArena at Seattle Center,0.0,0.0,0,-64,71,-2,47,3,87,10,-171,-161,-80,17,45,-88,0,-127,0,0,0,-12,-6,-6,-9,0.0,-79.66666666666667,53.666666666666664,-41.0,0.3333333333333333,-0.6666666666666666,68.0,-4.0,-175.33333333333334,-179.33333333333334,-92.0,21.333333333333332,20.333333333333332,-60.0,-10.0,-201.0,0.0,0.0,0.0,-14.666666666666666,-6.666666666666667,-8.0,-10.333333333333334,0.0,1.0
3,WNBA,SEA,SEA,WE,,4,1,0,L,,,Seattle Storm,794,1948,418,543,182,506,362,633,995,514,623,282,477,151,2188,783,1818,435,587,102,342,307,662,969,488,563,254,531,125,2103,0,0,0,0,0,0,17,15,32,10,6,7,9,10,11,6450,111774,KeyArena at Seattle Center,0.0,2.0,0,11,130,-17,-44,80,164,55,-29,26,26,60,28,-54,26,85,0,0,0,2,4,-2,-1,-2.0,-14.0,110.33333333333333,-12.0,-13.666666666666666,54.333333333333336,138.33333333333334,40.0,-76.33333333333333,-36.333333333333336,-9.333333333333334,45.666666666666664,33.666666666666664,-65.33333333333333,17.333333333333332,14.333333333333334,0.0,0.0,0.0,-2.6666666666666665,0.6666666666666666,-3.3333333333333335,-3.6666666666666665,-1.3333333333333333,0.0
4,WNBA,SEA,SEA,WE,,5,0,0,,,,Seattle Storm,890,2045,442,567,166,500,342,732,1074,548,644,232,465,138,2388,844,2039,441,591,145,437,352,689,1041,456,570,245,459,104,2274,0,0,0,0,0,0,18,16,34,13,4,5,12,11,13,6850,120857,KeyArena at Seattle Center,0.0,0.0,1,46,6,1,-24,21,63,-10,43,33,92,74,-13,6,34,114,0,0,0,2,9,-7,-2,0.0,34.333333333333336,47.333333333333336,-5.0,-30.666666666666668,40.666666666666664,96.66666666666667,11.666666666666666,19.0,30.666666666666668,70.0,69.33333333333333,0.6666666666666666,-14.0,31.333333333333332,104.33333333333333,0.0,0.0,0.0,2.0,7.333333333333333,-5.333333333333333,-1.6666666666666667,-0.6666666666666666,1.0
5,WNBA,SEA,SEA,WE,,2,1,0,W,W,W,Seattle Storm,873,2025,524,676,167,439,350,709,1059,552,665,302,499,131,2437,851,1989,423,592,139,391,303,679,982,507,678,252,527,137,2264,0,0,0,0,0,0,20,14,34,13,4,7,10,13,9,6825,134291,KeyArena at Seattle Center,6.0,2.0,1,22,36,101,84,28,48,47,30,77,45,-13,50,-28,-6,173,0,0,0,6,9,-3,4,4.0,30.0,26.0,67.66666666666667,48.0,25.666666666666668,53.0,28.0,34.333333333333336,62.333333333333336,60.666666666666664,16.0,29.0,-16.666666666666668,7.333333333333333,153.33333333333334,0.0,0.0,0.0,4.666666666666667,9.0,-4.333333333333333,2.0,2.6666666666666665,1.0
6,WNBA,SEA,SEA,WE,,2,1,0,L,,,Seattle Storm,906,2066,544,688,142,429,323,776,1099,520,657,201,516,158,2498,892,2163,490,646,133,419,334,686,1020,568,691,267,438,154,2407,0,0,0,0,0,0,20,14,34,14,3,6,11,13,9,6825,151150,KeyArena at Seattle Center,1.0,2.0,0,14,-97,54,42,9,10,-11,90,79,-48,-34,-66,78,4,91,0,0,0,6,11,-5,4,-1.0,16.666666666666668,-52.666666666666664,69.66666666666667,56.0,15.333333333333334,22.666666666666668,8.333333333333334,70.0,78.33333333333333,-17.0,-27.0,-27.333333333333332,42.666666666666664,0.6666666666666666,118.33333333333333,0.0,0.0,0.0,6.0,10.333333333333334,-4.333333333333333,4.0,0.6666666666666666,1.0
7,WNBA,SEA,SEA,WE,,4,1,0,L,,,Seattle Storm,961,2124,562,712,160,475,327,821,1148,514,682,232,570,127,2644,940,2218,531,707,164,484,322,709,1031,520,683,297,485,115,2575,0,0,0,0,0,0,18,16,34,9,8,9,8,10,10,6800,145664,KeyArena at Seattle Center,1.0,2.0,2,21,-94,31,5,-4,-9,5,112,117,-6,-1,-65,85,12,69,0,0,0,2,1,1,0,-1.0,18.666666666666668,-95.0,38.666666666666664,17.333333333333332,0.3333333333333333,-2.6666666666666665,-0.3333333333333333,104.66666666666667,104.33333333333333,-20.0,-12.0,-65.33333333333333,82.66666666666667,9.333333333333334,76.33333333333333,0.0,0.0,0.0,3.3333333333333335,4.333333333333333,-1.0,1.3333333333333333,-1.0,1.0
8,WNBA,SEA,SEA,WE,,4,1,0,L,,,Seattle Storm,964,2210,582,715,224,639,344,820,1164,533,620,242,533,151,2734,987,2321,478,586,195,528,333,761,1094,591,642,272,495,112,2647,0,0,0,0,0,0,17,17,34,12,5,5,12,11,11,6825,135553,KeyArena at Seattle Center,0.0,2.0,2,-23,-111,104,129,29,111,11,59,70,-58,-22,-30,38,39,87,0,0,0,0,7,-7,0,-2.0,-8.333333333333334,-105.33333333333333,79.66666666666667,87.66666666666667,18.0,71.0,9.0,76.66666666666667,85.66666666666667,-40.666666666666664,-15.0,-41.666666666666664,53.666666666666664,30.0,81.0,0.0,0.0,0.0,0.6666666666666666,5.0,-4.333333333333333,0.0,-1.6666666666666667,1.0
9,WNBA,SEA,SEA,WE,,2,1,0,L,,,Seattle Storm,899,2112,552,728,143,453,340,822,1162,530,684,269,526,140,2493,861,2164,512,680,172,539,332,760,1092,498,674,263,515,115,2406,0,0,0,0,0,0,22,12,34,16,1,6,11,13,7,6800,140503,KeyArena at Seattle Center,1.0,2.0,0,38,-52,40,48,-29,-86,8,62,70,32,10,6,11,25,87,0,0,0,10,15,-5,6,-1.0,17.666666666666668,-71.66666666666667,61.333333333333336,75.0,-9.666666666666666,-20.333333333333332,9.0,61.0,70.0,2.0,-0.6666666666666666,-6.0,20.0,29.666666666666668,87.0,0.0,0.0,0.0,6.666666666666667,12.333333333333334,-5.666666666666667,4.0,-1.3333333333333333,1.0
10,WNBA,SEA,SEA,WE,,2,1,0,L,,,Seattle Storm,909,2116,555,707,171,486,316,788,1104,536,710,276,555,150,2544,882,2150,510,671,202,585,332,746,1078,517,672,275,555,131,2476,0,0,0,0,0,0,20,14,34,13,4,7,10,13,7,7025,133858,KeyArena at Seattle Center,1.0,2.0,1,27,-34,45,36,-31,-99,-16,42,26,19,38,1,0,19,68,0,0,0,6,9,-3,6,-1.0,30.666666666666668,-40.0,43.333333333333336,40.0,-30.333333333333332,-94.66666666666667,-8.0,48.666666666666664,40.666666666666664,23.333333333333332,28.666666666666668,2.6666666666666665,3.6666666666666665,21.0,74.33333333333333,0.0,0.0,0.0,7.333333333333333,11.0,-3.6666666666666665,6.0,-1.0,
1,WNBA,UTA,SAS,WE,,5,0,0,,,,Utah Starzz,858,1896,609,790,88,262,348,732,1080,522,698,214,544,157,2413,860,1964,531,721,156,448,313,598,911,503,702,301,437,112,2407,0,0,0,0,0,0,18,14,32,12,4,6,10,13,8,6400,103442,EnergySolutions Arena,0.0,0.0,0,-2,-68,78,69,-68,-186,35,134,169,19,-4,-87,107,45,6,0,0,0,4,8,-4,5,0.0,-2.0,-68.0,78.0,69.0,-68.0,-186.0,35.0,134.0,169.0,19.0,-4.0,-87.0,107.0,45.0,6.0,0.0,0.0,0.0,4.0,8.0,-4.0,5.0,0.0,1.0
2,WNBA,UTA,SAS,WE,,3,1,0,L,,,Utah Starzz,811,1849,507,675,78,244,295,775,1070,524,622,202,493,156,2207,789,1976,489,660,125,429,344,630,974,478,645,275,390,148,2192,0,0,0,0,0,0,19,13,32,9,7,10,6,11,10,6475,110507,EnergySolutions Arena,0.0,2.0,0,22,-127,18,15,-47,-185,-49,145,96,46,-23,-73,103,8,15,0,0,0,6,2,4,1,-2.0,14.0,-107.33333333333333,38.0,33.0,-54.0,-185.33333333333334,-21.0,141.33333333333334,120.33333333333333,37.0,-16.666666666666668,-77.66666666666667,104.33333333333333,20.333333333333332,12.0,0.0,0.0,0.0,5.333333333333333,4.0,1.3333333333333333,2.3333333333333335,-1.3333333333333333,1.0
3,WNBA,UTA,SAS,WE,,3,1,0,W,,,Utah Starzz,843,1911,643,844,89,247,347,721,1068,478,665,228,522,178,2418,851,2067,516,688,126,377,361,645,1006,489,724,260,444,149,2344,0,0,0,0,0,0,20,12,32,12,4,8,8,12,9,6450,118720,EnergySolutions Arena,2.0,3.0,0,-8,-156,127,156,-37,-130,-14,76,62,-11,-59,-32,78,29,74,0,0,0,8,8,0,3,-1.0,2.0,-146.33333333333334,90.66666666666667,109.0,-40.333333333333336,-148.33333333333334,-25.666666666666668,99.0,73.33333333333333,8.0,-47.0,-45.666666666666664,86.33333333333333,22.0,54.333333333333336,0.0,0.0,0.0,7.333333333333333,6.0,1.3333333333333333,2.3333333333333335,-1.3333333333333333,
1,WNBA,WAS,WAS,EA,,4,1,0,L,,,Washington Mystics,832,1813,403,578,109,335,300,646,946,521,597,245,506,126,2176,845,1875,382,555,149,397,299,612,911,513,595,261,456,102,2221,0,0,0,0,0,0,14,18,32,7,9,7,9,13,8,6400,244134,Verizon Center,0.0,2.0,0,-13,-62,21,23,-40,-62,1,34,35,8,2,-16,50,24,-45,0,0,0,-4,-2,-2,5,-2.0,-13.0,-62.0,21.0,23.0,-40.0,-62.0,1.0,34.0,35.0,8.0,2.0,-16.0,50.0,24.0,-45.0,0.0,0.0,0.0,-4.0,-2.0,-2.0,5.0,-2.0,0.0
2,WNBA,WAS,WAS,EA,,8,0,0,,,,Washington Mystics,739,1915,333,504,117,418,356,699,1055,424,537,257,495,127,1928,791,1945,347,467,146,408,331,737,1068,487,543,261,454,103,2075,0,0,0,0,0,0,10,22,32,8,8,2,14,4,17,6500,246667,Verizon Center,0.0,0.0,0,-52,-30,-14,37,-29,10,25,-38,-13,-63,-6,-4,41,24,-147,0,0,0,-12,0,-12,-13,0.0,-39.0,-40.666666666666664,-2.3333333333333335,32.333333333333336,-32.666666666666664,-14.0,17.0,-14.0,3.0,-39.333333333333336,-3.3333333333333335,-8.0,44.0,24.0,-113.0,0.0,0.0,0.0,-9.333333333333334,-0.6666666666666666,-8.666666666666666,-7.0,-0.6666666666666666,1.0
3,WNBA,WAS,WAS,EA,,3,1,0,W,,,Washington Mystics,806,1910,359,478,164,443,330,708,1038,516,583,221,455,94,2135,786,1903,397,538,147,446,309,680,989,442,570,237,441,101,2116,0,0,0,0,0,0,17,15,32,9,7,8,8,12,9,6450,259237,Verizon Center,3.0,2.0,2,20,7,-38,-60,17,-3,21,28,49,74,13,-16,14,-7,19,0,0,0,2,2,0,3,1.0,-4.0,-5.333333333333333,-30.0,-27.666666666666668,1.6666666666666667,1.3333333333333333,22.333333333333332,6.0,28.333333333333332,28.333333333333332,6.666666666666667,-12.0,23.0,3.3333333333333335,-36.333333333333336,0.0,0.0,0.0,-2.6666666666666665,1.3333333333333333,-4.0,-2.3333333333333335,0.6666666666666666,0.0
4,WNBA,WAS,WAS,EA,,7,0,0,,,,Washington Mystics,896,2191,381,507,157,505,382,703,1085,568,676,213,462,99,2330,909,2033,509,691,171,482,334,781,1115,591,565,251,468,119,2498,0,0,0,0,0,0,9,25,34,3,14,6,11,7,17,6875,238710,Verizon Center,0.0,0.0,0,-13,158,-128,-184,-14,23,48,-78,-30,-23,111,-38,-6,-20,-168,0,0,0,-16,-11,-5,-10,0.0,-2.0,107.66666666666667,-98.0,-142.66666666666666,-3.6666666666666665,14.333333333333334,39.0,-42.666666666666664,-3.6666666666666665,9.333333333333334,78.33333333333333,-30.666666666666668,0.6666666666666666,-15.666666666666666,-105.66666666666667,0.0,0.0,0.0,-10.0,-6.666666666666667,-3.3333333333333335,-5.666666666666667,0.3333333333333333,1.0
5,WNBA,WAS,WAS,EA,,4,1,0,L,,,Washington Mystics,873,2088,474,661,105,283,337,726,1063,467,652,255,424,128,2325,864,2013,510,686,146,425,336,770,1106,534,627,237,492,111,2384,0,0,0,0,0,0,17,17,34,11,6,6,11,9,11,6850,214448,Verizon Center,1.0,2.0,0,9,75,-36,-25,-41,-142,1,-44,-43,-67,25,18,-68,17,-59,0,0,0,0,5,-5,-2,-1.0,1.6666666666666667,102.66666666666667,-66.66666666666667,-78.0,-32.0,-87.0,16.666666666666668,-55.333333333333336,-38.666666666666664,-52.333333333333336,53.666666666666664,-0.6666666666666666,-47.333333333333336,4.666666666666667,-95.33333333333333,0.0,0.0,0.0,-5.333333333333333,-0.3333333333333333,-5.0,-4.666666666666667,-0.6666666666666666,0.0
6,WNBA,WAS,WAS,EA,,5,0,0,,,,Washington Mystics,847,1968,388,546,181,510,266,677,943,517,697,260,435,76,2263,833,1872,489,648,150,433,267,757,1024,545,638,205,504,108,2305,0,0,0,0,0,0,16,18,34,10,7,6,11,9,11,6900,171501,Verizon Center,0.0,0.0,1,14,96,-101,-102,31,77,-1,-80,-81,-28,59,55,-69,-32,-42,0,0,0,-2,3,-5,-2,0.0,12.333333333333334,89.0,-79.33333333333333,-76.33333333333333,7.0,4.0,-0.3333333333333333,-68.0,-68.33333333333333,-41.0,47.666666666666664,42.666666666666664,-68.66666666666667,-15.666666666666666,-47.666666666666664,0.0,0.0,0.0,-1.3333333333333333,3.6666666666666665,-5.0,-2.0,-0.3333333333333333,1.0
7,WNBA,WAS,WAS,EA,,4,1,0,L,,,Washington Mystics,1016,2199,528,715,187,522,330,770,1100,576,784,306,541,113,2747,909,2102,635,851,204,553,321,720,1041,583,687,252,573,89,2657,0,0,0,0,0,0,18,16,34,13,4,5,12,12,8,6850,133255,Verizon Center,0.0,2.0,0,107,97,-107,-136,-17,-31,9,50,59,-7,97,54,-32,24,90,0,0,0,2,9,-7,4,-2.0,76.0,96.66666666666667,-105.0,-124.66666666666667,-1.0,5.0,5.666666666666667,6.666666666666667,12.333333333333334,-14.0,84.33333333333333,54.333333333333336,-44.333333333333336,5.333333333333333,46.0,0.0,0.0,0.0,0.6666666666666666,7.0,-6.333333333333333,2.0,-1.3333333333333333,0.0
8,WNBA,WAS,WAS,EA,,5,0,0,,,,Washington Mystics,877,2170,668,839,163,528,335,783,1118,472,763,282,571,133,2585,924,2216,616,801,175,520,383,825,1208,549,762,256,579,103,2639,0,0,0,0,0,0,16,18,34,8,9,8,9,8,12,6900,133255,Verizon Center,0.0,0.0,0,-47,-46,52,38,-12,8,-48,-42,-90,-77,1,26,-8,30,-54,0,0,0,-2,-1,-1,-4,0.0,4.333333333333333,1.6666666666666667,-1.0,-20.0,-13.666666666666666,-5.0,-29.0,-11.333333333333334,-40.333333333333336,-53.666666666666664,33.0,35.333333333333336,-16.0,28.0,-6.0,0.0,0.0,0.0,-0.6666666666666666,2.3333333333333335,-3.0,-1.3333333333333333,-0.6666666666666666,0.0
9,WNBA,WAS,WAS,EA,,6,0,0,,,,Washington Mystics,885,2131,435,659,163,460,362,770,1132,483,757,241,637,93,2368,929,2096,563,760,180,528,306,787,1093,542,708,314,530,146,2601,0,0,0,0,0,0,10,24,34,6,11,4,13,6,14,6825,154637,Verizon Center,0.0,0.0,0,-44,35,-128,-101,-17,-68,56,-17,39,-59,49,-73,107,-53,-233,0,0,0,-14,-5,-9,-8,0.0,-45.0,8.0,-68.0,-54.666666666666664,-15.333333333333334,-42.666666666666664,21.333333333333332,-25.333333333333332,-4.0,-65.0,33.0,-40.0,68.66666666666667,-25.333333333333332,-173.33333333333334,0.0,0.0,0.0,-10.0,-3.6666666666666665,-6.333333333333333,-6.666666666666667,0.0,1.0
10,WNBA,WAS,WAS,EA,,4,1,0,L,,,Washington Mystics,933,2205,580,827,139,426,388,803,1191,453,725,314,607,118,2585,945,2184,570,755,162,478,322,789,1111,524,778,315,576,156,2622,0,0,0,0,0,0,16,18,34,11,6,5,12,10,12,6875,192747,Verizon Center,0.0,2.0,1,-12,21,10,72,-23,-52,66,14,80,-71,-53,-1,31,-38,-37,0,0,0,-2,5,-7,-2,-2.0,-22.666666666666668,25.666666666666668,-36.0,14.333333333333334,-21.0,-57.333333333333336,62.666666666666664,3.6666666666666665,66.33333333333333,-67.0,-19.0,-25.0,56.333333333333336,-43.0,-102.33333333333333,0.0,0.0,0.0,-6.0,1.6666666666666667,-7.666666666666667,-4.0,-1.3333333333333333,
